name,registry_key
A Ayre,a09eb585
A Flintoff,ddc0828d
A Lyth,70b8fd28
A Zampa,14f96089
AB McDonald,16043342
AB de Villiers,c4487b84
AC Agar,a2421394
AC Blizzard,1efb8a28
AC McDermott,956887b2
AC Thomas,b552a935
AC Voges,864c199e
AD Hales,92aeac25
AD Mascarenhas,3edb58fc
AD Russell,bbd41817
ADS Fletcher,1bae756b
AF Milne,350bb1b1
AG Harriott,cf4e0e15
AI Ross,fb0d68b4
AJ Barrow,a67aa9df
AJ Crosthwaite,0c8836b6
AJ Doolan,36eafb02
AJ Finch,b8d490fd
AJ Hose,104e88a4
AJ Hosein,4d7f517e
AJ Nair,4ba2c04d
AJ Sammartino,284d6015
AJ Turner,ff1e12a0
AJ Tye,7c7d63a2
AK Heal,78ba5d1b
AK Wilds,de412f40
AL Fekete,029c4618
AM Hardie,d405c0d5
AP Devcich,ed90abe4
AP Ward,196a3809
AR Beadle,bb1c1950
AR Hamilton,95d26c59
AR Keath,439083c2
AT Carey,69d03465
AU Rashid,249d60c9
AW O'Brien,d29be810
AW Robinson,7001dee4
AW Summers,a35c119e
Abdul Razzaq,390ff45b
Ahmad Khan,a63ceba6
Ahmed Daniyal,9656afbf
Andrew Crozier,00d07580
Ashlee Gibbons,b81712f7
Asif Ali,0a4736eb
Azhar Mahmood,9a158001
B Doggett,898e628d
B Farrell,7d399085
B Laughlin,b2a79f17
B Lee,dd09ff8e
B Nikitaras,d4e39566
B Stanlake,6834d1f2
BA Stokes,e087956b
BAC Howell,0bec3a6c
BAD Manenti,ab21795b
BAW Mendis,ea0cdc12
BB McCullum,b8a55852
BC Treloar,f7e8ee52
BCJ Cutting,2e11c706
BE McGain,6d62117a
BE Young,278fd5ff
BG Drew,751f4b9b
BG McDonald,0a3049c5
BJ Dwarshuis,e1b9f3a9
BJ Haddin,b0c772ee
BJ Hodge,b57f8a9a
BJ Holt,f05d1564
BJ Rohrer,27af6414
BJ Stepien,a7060c81
BJ Webster,56b93d46
BL Couch,be69e09d
BM Duckett,5f26f677
BM Edmondson,b0b320a0
BMAJ Mendis,9868bc75
BNJ Oxenford,c1add349
BR Dunk,272d796e
BR Farrell,751a026b
BR McDermott,c41043e6
BS Dean,1137b65a
BS Oakley,0771bb8c
BW Hilfenhaus,f3171936
Bede Sajowitz,14fb95ae
Berend du Plessis,b0b8fec6
C Ackerman,b4223f86
C Black,75b42f71
C Connolly,fe366f34
C Grant,876ed858
C Green,eaa76d3c
C Kellaway,60c28835
C Kemp,4ba47d5a
C Kieswetter,1e960f2a
C Munro,af2c687b
C Thomas,68664af7
C Valente,137e7065
C de Grandhomme,94d7f855
CA Hoffmann,4484b7eb
CA Ingram,c995d726
CA Lynn,45eda7c8
CA Philipson,32866fe7
CA Polosak,26a360d2
CA Rose,7517d134
CA Wakim,c5e415aa
CAH Stevenson,7239b60d
CD Hartley,9a06679d
CD Hinchliffe,8891669e
CH Gayle,db584dad
CH Morris,fb66ce1f
CJ Anderson,8abdf100
CJ Borgas,d901964b
CJ Boyce,51a60c16
CJ Ferguson,9b4935c8
CJ Gannon,519c30cb
CJ Green,19b9f399
CJ Jordan,ffe699c0
CJ McKay,94eac556
CJ Rocchiccioli,aa3c7a7a
CJ Simmons,0095ce38
CJL Rogers,d8360178
CJM Sabburg,9fc73711
CL White,d0513f63
CP Jewell,806c4e58
CP Simpson,a5c2ef8c
CP Tremain,96824e68
CR Brathwaite,e342e5fb
CR Swan,2a236847
CR Woakes,4c5d73db
CS Delport,afa78c3a
CS Sandri,b7ccb3c9
CT Bancroft,399b0b94
CT Tremlett,a72b14ff
D Bhatt,b34f743c
D Brigham,464daf41
D Fallins,46fca863
D Ireland,9b4fc7b9
D Levens,8fc718ea
D Morton,8320c155
D Shepherd,ab0d21ad
D Talalla,dcfe6cdd
D Taylor,b940a2b2
D Warren,ef55b38c
DA Miller,d67d5f00
DA Payne,6c79c098
DA Warner,dcce6f09
DB Mealey,2199afd4
DE Bollinger,45c2196c
DJ Bravo,87e562a9
DJ Burns,49d422bf
DJ Harper,0ec08b27
DJ Harris,39f82db3
DJ Hussey,fd835ab3
DJ Malan,ad9c32a2
DJ Pattinson,3fe2db87
DJ Shepard,d3533ba5
DJ Thornely,7d3937ed
DJ Willey,7f048519
DJ Worrall,208f22ea
DJG Sammy,c03c6200
DJM Moody,e1a867df
DJM Short,1a156c88
DL Vettori,d7c6af50
DLR Smith,0c5c3a87
DM Koch,6d10c034
DMK Grant,5390f178
DP Hughes,f3982af9
DP Michael,9815de17
DP Nannes,c404f58a
DPMD Jayawardene,d18f9182
DR Briggs,f3abd0c9
DR Close,4cae2b0c
DR Drew,88684a42
DR Salpietro,a6ae5f7f
DR Sams,caf69bf7
DT Christian,2a2e6343
DW Lawrence,4b685e2d
DW Steyn,8fd1a8f5
Dave Gilbert,aa782370
David Johnston,92cef862
Dilbar Hussain,a968d8eb
Dinusha Bandara,98bbc5a2
EJG Morgan,d2a6c0e6
EJM Cowan,fee3c48a
EP Gulbis,bbce4647
Eloise Sheridan,d8d43840
F O'Neill,39d608d4
F du Plessis,3355b542
FA Allen,b52ffbbd
FH Allen,bf74b130
FH Edwards,a7c226e1
Faheem Ashraf,bd4ea627
Fakhar Zaman,1777c020
Fawad Ahmed,22ae3041
Fazalhaq Farooqi,e9c7f0d0
GA Abood,a4af5528
GA Manou,f58839ad
GA West,9dfd54a5
GB Hogg,f708a0bc
GC Joshua,4c47ebf2
GD Putland,9f54ae00
GHS Garton,be869ccf
GJ Bailey,5056011d
GJ Davidson,31ad5973
GJ Maxwell,b681e71e
GL Walker,78158fc6
GS Sandhu,1558d83b
Geoff Davidson,b33a1559
Greg Azzopardi,e950350e
H Kerr,f422728b
H McKenzie,5222f5fa
H Wolff,e44c17f1
HC Brook,4ae1755b
HD Weibgen,2535b30f
HF Gurney,e412cb64
HH Gibbs,e1d1b294
HJ Hunt,62ef4abe
HJ Nielsen,0ea1455a
HM Nicholls,03521fd3
HNA Conway,272fc5ad
HP Kingston,c89e4c9f
HTRY Thornton,055be93a
HWR Cartwright,ab965cad
Haris Rauf,24bb1c2f
Harsimran Singh,bf4720ce
Hassan Khan,486065b3
IA Cockbain,542fd5a6
IA Moran,5ce5204c
IH Lock,a1b1e3c2
IR Bell,33155d1b
IS Sodhi,641ac5ff
Imad Wasim,9cb8d7a6
Izharulhaq Naveed,2cbdd22f
J Adie,259c0030
J Avendano,0af4a90b
J Botha,7c503806
J Brown,647e7d44
J Chikange,767e305a
J Clayton,c56fc66d
J Edwards,f787e0eb
J Fraser-McGurk,9b6e1b3f
J Hewitt,bfe1c25f
J Kann,cccea5bc
J Merlo,02ba80a0
J Morgan,71bbaead
J Overton,59559bc2
J Ruddick-Collins,c7abd522
J Seymour,cb54a1d6
J Thomas,118c3b91
J Weatherald,edc7ddb6
JA Burns,7a5f232a
JA Davies,5cdf8304
JA Freeman,912f472c
JA Prestwidge,5f317fd4
JA Richardson,1ee08e9a
JA Thompson,1d2f290a
JC Archer,5574750c
JC Buttler,99b75528
JC Silk,7a6dc294
JD Cook,45f56920
JD Smith,b1d5b43c
JD Ward,511299c1
JD Wildermuth,f1c61793
JDS Neesham,9219eff0
JE Root,a343262c
JEC Franklin,cf73ad76
JG Bethell,3c55c703
JH Kallis,86dc8f2e
JJ Bazley,003d49e6
JJ Krejza,047d9032
JJ Peirson,2b55c3b4
JJ Roy,d1c36f5c
JJS Sangha,8e3cb0e9
JK Lalor,88209c84
JK Reed,a8ad6e80
JL Denly,bdadf7da
JL Pattinson,f752db61
JM Bird,bc773eeb
JM Carder,782b4a8e
JM Clarke,2eca67f5
JM Cox,ff154ecd
JM Herrick,44ec8c4a
JM Holland,70c4f525
JM Mennie,f048bb41
JM Mitchell,b1b4ab36
JM Muirhead,52f08be8
JM Vince,a15618fe
JO Holder,0f721006
JP Behrendorff,4933f499
JP Faulkner,808f425a
JP Inglis,989889ff
JP Wood,3c3adfce
JR Coleman,de6efa4a
JR Dean,97188292
JR Doran,9cebb612
JR Hazlewood,03806cf8
JR Hopes,2498e163
JR Philippe,39086549
JS Buckingham,10735e1d
JS Floros,79765f6f
JS Lehmann,c96a215f
JS Lenton,8820c9ef
JS Paris,7c8f533d
JT Ball,3d0ed2f9
JW Dernbach,7be8a0ed
JW Hastings,012829ff
JW Wells,8bdac857
K White,d60a26db
KA Pollard,a757b0d8
KAJ Roach,78eb4223
KC Sangakkara,6b71e6cf
KK Jennings,8479a24a
KMA Paul,75224f22
KP Pietersen,39f01cdb
KR Patterson,e3bf8356
KR Smith,b816c2a5
KW Richardson,dfc4d8b5
Kent Hannam,8cc171e7
Kepler Wessels,3bedaff0
L Bowe,a5b71472
L Gregory,06c2de82
L Guthrie,b03303ca
L Haskett,037429dc
L McCabe,1dbc4a64
L Pope,616a8149
L Ronchi,0fa5042b
L Scott,0ebb3444
L Shaw,b34e4b15
L Uthenwoldt,021223ce
L Wood,65b6943c
LA Dawson,4a461c24
LA Doran,f201593c
LA Pomersbach,b63ab531
LC Hatcher,8f3fde65
LD Hearne,7f2163a0
LD Pfeffer,dd86ec0b
LE Plunkett,9a963804
LH Ferguson,2f9d0389
LJ Evans,1c513d54
LJ Wright,cca50cd6
LMP Simmons,89f64c19
LN O'Connor,5456bd0c
LR Butterworth,ff6707cc
LR Morris,b08e58e2
LS Livingstone,50c6bc2b
LW Feldman,da13a0fc
M Bryant,f32012f4
M Gilkes,d85b0f8b
M Kelly,68e26ec9
M Klinger,b970a03f
M Labuschagne,fa433be6
M Mellifont,41729aa5
M Morkel,5bb5a915
M Muralitharan,4ba44e19
M Perry,442461fa
M Qureshi,cf34fbef
M Spoors,da4a1e46
M Wright,bd920a2c
MA Beer,f60dc2a5
MA Carberry,8305580c
MA Starc,3fb19989
MC Henriques,32198ae0
MD Martell,487c072e
ME Claydon,15101f12
MEK Hussey,48fd7349
MF Hurst,40e4cf47
MG Gale,9ef8ebb9
MG Hogan,5da34add
MG Johnson,f5180fe6
MG Neser,0164b064
MH Wessels,90f47cf2
MJ Buchanan,1e0d5c4d
MJ Cosgrove,be768595
MJ Guptill,2be41edb
MJ Johnston,db2114f1
MJ Lumb,11df3dc8
MJ McClenaghan,51a3c5ef
MJ North,99464591
MJ Owen,f2c936d7
MJ Prior,1200550f
MJ Swepson,86b4bf88
MJJ Critchley,c5cc48bc
ML Hayden,d8699ab7
MN Samuels,f846de6a
MP Kuhnemann,7b953689
MP Stoinis,d9273ee7
MR Day,aba0412a
MR Marsh,3d8feaf8
MS Branch,6f06b264
MS Harris,9e85455c
MS Wade,afa7e784
MT Renshaw,218d4d78
MT Steketee,903560ed
MV Waldron,2e4f11e9
MW Dixon,314ed7e6
MW Edwards,5f222a64
MW Graham-Smith,18aca3ce
MW Harvey,47dc9794
MW Hill,1952e660
MW Short,a90e53ec
Mansoor Qureshi,e3273ac2
Mattis van Eck,bf1a68c1
Mohammad Hafeez,9ab63e7b
Mohammad Hasnain,8596fe80
Mohammad Nabi,62af8546
Mujeeb Ur Rahman,7d92277a
N James,3de4511d
N McAndrew,38c276e1
N Pooran,3241e3fd
NA McSweeney,e94d2d50
NCR Larkin,02bce9a8
ND Bills,c9078a9a
ND Buchanan,9a211e08
NJ Maddinson,44afbf2d
NJ Reardon,c7bdb5b5
NJ Rimmington,6042bf26
NL Bertus,ebaeab6b
NL McCullum,5673a3fc
NLTC Perera,0f12f9df
NM Coulter-Nile,56ab442f
NM Hauritz,8ea6e670
NM Lyon,96a6a7ad
NP Winter,6c87f1df
NR Hobson,4312e0fd
NR Johnstone,ce274b6a
NT Ellis,9eb1455b
Naved-ul-Hasan,33f28243
Naveen-ul-Haq,c0c411cb
Nikhil Chaudhary,1f84183a
Noor Ahmad,efc04be7
O Davies,0ea54eca
OA Shah,7bf96684
OJ Pope,e94bc520
OP Stone,3f659464
P Hatzoglou,6f95e5fa
P Rowe,34ba03c3
P Wilson,68304a36
PA Jaques,03252e44
PD Collingwood,a386e91b
PD Salt,3d284ca3
PG Dooley,5e3054d0
PI Walter,57590dbb
PJ Cummins,ded9240e
PJ Forrest,56c205b7
PJ Gillespie,3e253a50
PJ Hughes,004c9e85
PL Marshall,c1ca6df3
PM Nevill,a22fb7b5
PM Siddle,bd93fea4
PR George,b76e2583
PR Reiffel,c9354f29
PSP Handscomb,ada15e88
Q de Kock,372455c4
Qais Ahmad,8d5d991e
RA Whiteley,d346d939
RE van der Merwe,05c2ca46
RG Patterson,d264c880
RGL Carters,f54c8804
RH McDonald,8bdbb608
RJ Evans,951127ac
RJ Evans,d5fc9e42
RJ Gibson,50636767
RJ Gleeson,402f8494
RJ Harris,12eddf28
RJ Quiney,23ac69e6
RJ Tucker,38810cfc
RJG Lockyear,c8e7c983
RJW Topley,8db7f47f
RL Parry,86d151dc
RM Duffield,7da44536
RN ten Doeschate,4ec07775
RP Kellepotha,d13d1dd0
RP Meredith,64775749
RR Ayre,0539e735
RR Pawson,016188b4
RR Rossouw,cad00a4d
RS Bopara,7ca5e05d
RT Ponting,7d415ea5
RW Stratford,85489579
Rashid Khan,5f547c8b
Roberto Howard,eec90c4b
Ryan Nelson,b51347e8
S Badree,76388dc8
S Brne,f552dfcb
S Fanning,a9d2dab9
S Konstas,3c34c9e1
S Lamichhane,b410bd3d
S Mahmood,0f6db197
S McGiffin,0dde7f22
S Milenko,479f9b04
S Patel,c4ee6c06
SA Abbott,1a2676c5
SA Lightbody,680b8cbf
SAJ Craig,689f2eed
SB Harper,a756e61a
SB Styris,57efa3be
SCG MacGill,60dac349
SCJ Broad,eba6a852
SD Fry,6b725ed1
SD Heazlett,e00a9155
SD Hope,1fc6ef83
SD Parry,fdb8ed0d
SE Dionysius,ac886e6f
SE Gotch,9a0e4ca5
SE Marsh,508a1ea7
SE Rutherford,d014d5ac
SF Mire,3300d23c
SH Johnson,83c3e8e3
SJ Coyte,36769c31
SJ Davis,bc71b0b2
SJ Nogajski,9b3f9323
SJC Keen,e3882f9a
SK Warne,bb18be76
SL Malinga,a12e1d51
SL Rainbird,e7dd5eca
SM Boland,d167edd3
SM Elliott,00cda8e4
SM Harwood,63bff7f9
SM Katich,fdedb37c
SM Whiteman,f4427cc6
SMSM Senanayake,4c4fa80b
SNJ O'Keefe,3540beff
SP Narine,9d430b40
SP Terry,7f87204d
SPD Smith,30a45b23
SR Bernard,800187dc
SR Cary,5f402ea7
SR Hain,67b9536c
SR Patel,18fac429
SR Watson,4329fbb5
SS Eskinazi,75cbed9b
SW Billings,c16d4035
SW Tait,addfb70e
Saeed Ajmal,05d74535
Shadab Khan,9de62878
Shahid Afridi,0dc00542
Shakib Al Hasan,7dc35884
Sharad Patel,8e6dd3ba
Shoaib Malik,64c34cd0
Simon Burns,c0741b3f
Steven Farrell,512226fb
Syed Faridoun,43d9353a
T Banton,25f7b7d6
T Kelly,6ceb94d0
T Kohler-Cadmore,f836b33d
T Murphy,ac2e7ec0
T Sangha,52c952d9
T Steenholdt,715959cd
T Whitney,97af3515
T van der Gugten,d99cc23a
TA Boult,a818c1be
TA Copeland,2c7ac4b9
TA Lammonby,73f1f6b0
TB Abell,ba9258a7
TD Andrews,a0f612b6
TD Cruickshank,c8d0314b
TD Paine,5748e866
TF Rogers,7f232d46
TH David,f1f99156
TIF Triffitt,593513d5
TJ Armstrong,30811a4b
TJ Dean,666936de
TJ Matibiri,4a3132b1
TK Curran,e86754b2
TL Lawford,e01b6c44
TL O'Connell,859d95bb
TL Seifert,4663bd23
TLW Cooper,2318ba22
TM Beaton,f0ec8597
TM Dilshan,5bdcdb72
TM Head,12b610c2
TP Alsop,961b8ff1
TP Doropoulos,d87404b4
TP Ludeman,c3f7898b
TR Birt,d2d4bb0a
TS Mills,245c97cb
TS Rogers,1b04e02b
TT Bresnan,58043739
TW Gray,5e365152
Troy Penman,0aa42c26
UBT Chand,0c94f480
UT Khawaja,331ea488
Usama Mir,6dd8b88c
Usman Qadir,33742f04
Usman Shinwari,f0e722e0
W Parker,607c846c
W Prestwidge,bdf7a718
W Sanders,068fe71c
W Stewart,7e5bfcd1
W Sutherland,bc2d4f2e
WA Agar,15de1f5d
WD Sheridan,25d12bb4
WER Somerville,74a1c1e3
WG Bosisto,04ef663a
WG Jacks,9caf69a1
Waqar Salamkheil,3f1066d0
XA Crone,e5ee7c83
XC Bartlett,3b53243a
XJ Doherty,502b2c81
Yasir Arafat,3cf5ae43
Yasir Shah,f2800ef3
Z Crawley,922e1b19
Z Evans,8528effb
Zahir Khan,786b7fe8
Zaman Khan,28392e11
