key,umpire
ipl0001,Asad Rauf
ipl0001,RE Koertzen
ipl0002,Aleem Dar
ipl0002,GA Pratapkumar
ipl0003,MR Benson
ipl0003,SL Shastri
ipl0004,BF Bowden
ipl0004,K Hariharan
ipl0005,SJ Davis
ipl0005,DJ Harper
ipl0006,Aleem Dar
ipl0006,RB Tiffin
ipl0007,IL Howell
ipl0007,AM Saheba
ipl0008,DJ Harper
ipl0008,GA Pratapkumar
ipl0009,Asad Rauf
ipl0009,MR Benson
ipl0010,Aleem Dar
ipl0010,AM Saheba
ipl0011,BF Bowden
ipl0011,AV Jayaprakash
ipl0012,MR Benson
ipl0012,IL Howell
ipl0013,RE Koertzen
ipl0013,I Shivram
ipl0014,Asad Rauf
ipl0014,SL Shastri
ipl0015,BR Doctrove
ipl0015,RB Tiffin
ipl0016,BF Bowden
ipl0016,AV Jayaprakash
ipl0017,Aleem Dar
ipl0017,I Shivram
ipl0018,RE Koertzen
ipl0018,GA Pratapkumar
ipl0019,BR Doctrove
ipl0019,RB Tiffin
ipl0020,BF Bowden
ipl0020,K Hariharan
ipl0021,BR Doctrove
ipl0021,SL Shastri
ipl0022,DJ Harper
ipl0022,I Shivram
ipl0023,Asad Rauf
ipl0023,AV Jayaprakash
ipl0024,IL Howell
ipl0024,RE Koertzen
ipl0025,SJ Davis
ipl0025,BR Doctrove
ipl0026,MR Benson
ipl0026,RB Tiffin
ipl0027,DJ Harper
ipl0027,RE Koertzen
ipl0028,Asad Rauf
ipl0028,IL Howell
ipl0029,Aleem Dar
ipl0029,RB Tiffin
ipl0030,MR Benson
ipl0030,AM Saheba
ipl0031,AV Jayaprakash
ipl0031,BG Jerling
ipl0032,SJ Davis
ipl0032,RE Koertzen
ipl0033,IL Howell
ipl0033,AM Saheba
ipl0034,BR Doctrove
ipl0034,I Shivram
ipl0035,Asad Rauf
ipl0035,IL Howell
ipl0036,BR Doctrove
ipl0036,AM Saheba
ipl0037,BG Jerling
ipl0037,GA Pratapkumar
ipl0038,BR Doctrove
ipl0038,DJ Harper
ipl0039,BF Bowden
ipl0039,SL Shastri
ipl0040,AV Jayaprakash
ipl0040,RE Koertzen
ipl0041,Asad Rauf
ipl0041,K Hariharan
ipl0042,BR Doctrove
ipl0042,DJ Harper
ipl0043,SJ Davis
ipl0043,GA Pratapkumar
ipl0044,BG Jerling
ipl0044,RE Koertzen
ipl0045,DJ Harper
ipl0045,I Shivram
ipl0046,BF Bowden
ipl0046,GA Pratapkumar
ipl0047,Asad Rauf
ipl0047,SJ Davis
ipl0048,DJ Harper
ipl0048,SL Shastri
ipl0049,BF Bowden
ipl0049,K Hariharan
ipl0050,SJ Davis
ipl0050,I Shivram
ipl0051,Asad Rauf
ipl0051,RE Koertzen
ipl0052,BF Bowden
ipl0052,K Hariharan
ipl0053,BG Jerling
ipl0053,AM Saheba
ipl0054,SJ Davis
ipl0054,K Hariharan
ipl0055,BF Bowden
ipl0055,AV Jayaprakash
ipl0056,BF Bowden
ipl0056,RE Koertzen
ipl0057,Asad Rauf
ipl0057,DJ Harper
ipl0058,BF Bowden
ipl0058,RE Koertzen
ipl0059,BR Doctrove
ipl0059,RB Tiffin
ipl0060,BR Doctrove
ipl0060,K Hariharan
ipl0061,MR Benson
ipl0061,BR Doctrove
ipl0062,MR Benson
ipl0062,SD Ranade
ipl0063,BG Jerling
ipl0063,SJA Taufel
ipl0064,DJ Harper
ipl0064,SD Ranade
ipl0065,M Erasmus
ipl0065,AM Saheba
ipl0066,MR Benson
ipl0066,M Erasmus
ipl0067,BR Doctrove
ipl0067,SJA Taufel
ipl0068,BR Doctrove
ipl0068,TH Wijewardene
ipl0069,HDPK Dharmasena
ipl0069,SJA Taufel
ipl0070,M Erasmus
ipl0070,K Hariharan
ipl0071,S Asnani
ipl0071,BG Jerling
ipl0072,BG Jerling
ipl0072,RB Tiffin
ipl0073,IL Howell
ipl0073,TH Wijewardene
ipl0074,GAV Baxter
ipl0074,RE Koertzen
ipl0075,MR Benson
ipl0075,SL Shastri
ipl0076,MR Benson
ipl0076,TH Wijewardene
ipl0077,GAV Baxter
ipl0077,RE Koertzen
ipl0078,GAV Baxter
ipl0078,AM Saheba
ipl0079,HDPK Dharmasena
ipl0079,S Ravi
ipl0080,M Erasmus
ipl0080,SK Tarapore
ipl0081,DJ Harper
ipl0081,RE Koertzen
ipl0082,S Asnani
ipl0082,BG Jerling
ipl0083,RE Koertzen
ipl0083,TH Wijewardene
ipl0084,S Asnani
ipl0084,MR Benson
ipl0085,BR Doctrove
ipl0085,M Erasmus
ipl0086,GAV Baxter
ipl0086,IL Howell
ipl0087,SS Hazare
ipl0087,IL Howell
ipl0088,MR Benson
ipl0088,HDPK Dharmasena
ipl0089,DJ Harper
ipl0089,TH Wijewardene
ipl0090,K Hariharan
ipl0090,DJ Harper
ipl0091,M Erasmus
ipl0091,SK Tarapore
ipl0092,GAV Baxter
ipl0092,HDPK Dharmasena
ipl0093,GAV Baxter
ipl0093,AM Saheba
ipl0094,SL Shastri
ipl0094,RB Tiffin
ipl0095,BR Doctrove
ipl0095,BG Jerling
ipl0096,GAV Baxter
ipl0096,HDPK Dharmasena
ipl0097,SS Hazare
ipl0097,RE Koertzen
ipl0098,M Erasmus
ipl0098,SS Hazare
ipl0099,DJ Harper
ipl0099,SL Shastri
ipl0100,BR Doctrove
ipl0100,DJ Harper
ipl0101,BR Doctrove
ipl0101,DJ Harper
ipl0102,HDPK Dharmasena
ipl0102,IL Howell
ipl0103,RE Koertzen
ipl0103,S Ravi
ipl0104,SK Tarapore
ipl0104,SJA Taufel
ipl0105,SS Hazare
ipl0105,IL Howell
ipl0106,S Ravi
ipl0106,RB Tiffin
ipl0107,SJA Taufel
ipl0107,RB Tiffin
ipl0108,IL Howell
ipl0108,RB Tiffin
ipl0109,BG Jerling
ipl0109,SJA Taufel
ipl0110,BG Jerling
ipl0110,SJA Taufel
ipl0111,IL Howell
ipl0111,S Ravi
ipl0112,IL Howell
ipl0112,S Ravi
ipl0113,BR Doctrove
ipl0113,DJ Harper
ipl0114,RE Koertzen
ipl0114,SJA Taufel
ipl0115,RE Koertzen
ipl0115,SJA Taufel
ipl0116,RE Koertzen
ipl0116,RB Tiffin
ipl0117,BR Doctrove
ipl0117,S Ravi
ipl0118,RE Koertzen
ipl0118,RB Tiffin
ipl0119,K Hariharan
ipl0119,DJ Harper
ipl0120,HDPK Dharmasena
ipl0120,AM Saheba
ipl0121,BG Jerling
ipl0121,RE Koertzen
ipl0122,HDPK Dharmasena
ipl0122,AM Saheba
ipl0123,S Das
ipl0123,DJ Harper
ipl0124,BR Doctrove
ipl0124,SK Tarapore
ipl0125,K Hariharan
ipl0125,DJ Harper
ipl0126,BF Bowden
ipl0126,M Erasmus
ipl0127,BR Doctrove
ipl0127,SK Tarapore
ipl0128,HDPK Dharmasena
ipl0128,SS Hazare
ipl0129,RE Koertzen
ipl0129,RB Tiffin
ipl0130,K Hariharan
ipl0130,DJ Harper
ipl0131,BF Bowden
ipl0131,M Erasmus
ipl0132,SS Hazare
ipl0132,SJA Taufel
ipl0133,RE Koertzen
ipl0133,RB Tiffin
ipl0134,BR Doctrove
ipl0134,SK Tarapore
ipl0135,BG Jerling
ipl0135,RE Koertzen
ipl0136,AM Saheba
ipl0136,BF Bowden
ipl0137,HDPK Dharmasena
ipl0137,SJA Taufel
ipl0138,BR Doctrove
ipl0138,S Ravi
ipl0139,S Das
ipl0139,K Hariharan
ipl0140,SS Hazare
ipl0140,SJA Taufel
ipl0141,SS Hazare
ipl0141,SJA Taufel
ipl0142,BR Doctrove
ipl0142,SK Tarapore
ipl0143,HDPK Dharmasena
ipl0143,SJA Taufel
ipl0144,BG Jerling
ipl0144,RE Koertzen
ipl0145,K Hariharan
ipl0145,DJ Harper
ipl0146,BF Bowden
ipl0146,M Erasmus
ipl0147,BR Doctrove
ipl0147,S Ravi
ipl0148,RE Koertzen
ipl0148,RB Tiffin
ipl0149,BF Bowden
ipl0149,M Erasmus
ipl0150,S Asnani
ipl0150,DJ Harper
ipl0151,HDPK Dharmasena
ipl0151,SJA Taufel
ipl0152,S Asnani
ipl0152,DJ Harper
ipl0153,BG Jerling
ipl0153,RE Koertzen
ipl0154,S Ravi
ipl0154,SK Tarapore
ipl0155,S Asnani
ipl0155,DJ Harper
ipl0156,M Erasmus
ipl0156,AM Saheba
ipl0157,K Hariharan
ipl0157,DJ Harper
ipl0158,HDPK Dharmasena
ipl0158,SJA Taufel
ipl0159,BR Doctrove
ipl0159,SK Tarapore
ipl0160,BF Bowden
ipl0160,AM Saheba
ipl0161,RE Koertzen
ipl0161,RB Tiffin
ipl0162,SS Hazare
ipl0162,SJA Taufel
ipl0163,S Asnani
ipl0163,DJ Harper
ipl0164,BR Doctrove
ipl0164,S Ravi
ipl0165,HDPK Dharmasena
ipl0165,SS Hazare
ipl0166,M Erasmus
ipl0166,AM Saheba
ipl0167,BG Jerling
ipl0167,RB Tiffin
ipl0168,HDPK Dharmasena
ipl0168,SJA Taufel
ipl0169,BR Doctrove
ipl0169,SK Tarapore
ipl0170,BF Bowden
ipl0170,AM Saheba
ipl0171,BG Jerling
ipl0171,RE Koertzen
ipl0172,BR Doctrove
ipl0172,RB Tiffin
ipl0173,BR Doctrove
ipl0173,RB Tiffin
ipl0174,RE Koertzen
ipl0174,SJA Taufel
ipl0175,RE Koertzen
ipl0175,SJA Taufel
ipl0176,BR Doctrove
ipl0176,PR Reiffel
ipl0177,HDPK Dharmasena
ipl0177,K Hariharan
ipl0178,RE Koertzen
ipl0178,SK Tarapore
ipl0179,BR Doctrove
ipl0179,PR Reiffel
ipl0180,AM Saheba
ipl0180,RB Tiffin
ipl0181,RE Koertzen
ipl0181,SK Tarapore
ipl0182,HDPK Dharmasena
ipl0182,AL Hill
ipl0183,Aleem Dar
ipl0183,RB Tiffin
ipl0184,S Asnani
ipl0184,PR Reiffel
ipl0185,Asad Rauf
ipl0185,SL Shastri
ipl0186,RE Koertzen
ipl0186,S Ravi
ipl0187,BR Doctrove
ipl0187,PR Reiffel
ipl0188,Aleem Dar
ipl0188,SS Hazare
ipl0189,RE Koertzen
ipl0189,S Ravi
ipl0190,HDPK Dharmasena
ipl0190,AL Hill
ipl0191,Aleem Dar
ipl0191,RB Tiffin
ipl0192,Asad Rauf
ipl0192,AM Saheba
ipl0193,K Hariharan
ipl0193,AL Hill
ipl0194,PR Reiffel
ipl0194,RJ Tucker
ipl0195,Aleem Dar
ipl0195,RB Tiffin
ipl0196,Asad Rauf
ipl0196,AM Saheba
ipl0197,S Asnani
ipl0197,PR Reiffel
ipl0198,SS Hazare
ipl0198,RB Tiffin
ipl0199,Asad Rauf
ipl0199,AM Saheba
ipl0200,S Asnani
ipl0200,RE Koertzen
ipl0201,BR Doctrove
ipl0201,SK Tarapore
ipl0202,HDPK Dharmasena
ipl0202,AL Hill
ipl0203,Aleem Dar
ipl0203,RB Tiffin
ipl0204,S Asnani
ipl0204,RJ Tucker
ipl0205,HDPK Dharmasena
ipl0205,AL Hill
ipl0206,Asad Rauf
ipl0206,SL Shastri
ipl0207,PR Reiffel
ipl0207,RJ Tucker
ipl0208,Aleem Dar
ipl0208,SS Hazare
ipl0209,Asad Rauf
ipl0209,SK Tarapore
ipl0210,AM Saheba
ipl0210,SL Shastri
ipl0211,HDPK Dharmasena
ipl0211,AL Hill
ipl0212,Aleem Dar
ipl0212,RB Tiffin
ipl0213,SK Tarapore
ipl0213,SJA Taufel
ipl0214,Asad Rauf
ipl0214,SL Shastri
ipl0215,HDPK Dharmasena
ipl0215,PR Reiffel
ipl0216,S Asnani
ipl0216,RJ Tucker
ipl0217,HDPK Dharmasena
ipl0217,SJA Taufel
ipl0218,SS Hazare
ipl0218,RB Tiffin
ipl0219,Asad Rauf
ipl0219,AM Saheba
ipl0220,S Ravi
ipl0220,RJ Tucker
ipl0221,Aleem Dar
ipl0221,RB Tiffin
ipl0222,K Hariharan
ipl0222,SJA Taufel
ipl0223,Asad Rauf
ipl0223,PR Reiffel
ipl0224,SK Tarapore
ipl0224,RJ Tucker
ipl0225,Aleem Dar
ipl0225,SS Hazare
ipl0226,K Hariharan
ipl0226,SJA Taufel
ipl0227,SK Tarapore
ipl0227,RJ Tucker
ipl0228,Asad Rauf
ipl0228,AM Saheba
ipl0229,HDPK Dharmasena
ipl0229,K Hariharan
ipl0230,AM Saheba
ipl0230,SL Shastri
ipl0231,S Asnani
ipl0231,RJ Tucker
ipl0232,S Ravi
ipl0232,SK Tarapore
ipl0233,RE Koertzen
ipl0233,RB Tiffin
ipl0234,PR Reiffel
ipl0234,RJ Tucker
ipl0235,Asad Rauf
ipl0235,SL Shastri
ipl0236,S Ravi
ipl0236,SK Tarapore
ipl0237,Asad Rauf
ipl0237,AM Saheba
ipl0238,HDPK Dharmasena
ipl0238,RE Koertzen
ipl0239,S Ravi
ipl0239,SJA Taufel
ipl0240,RE Koertzen
ipl0240,PR Reiffel
ipl0241,SS Hazare
ipl0241,RJ Tucker
ipl0242,Asad Rauf
ipl0242,AM Saheba
ipl0243,SK Tarapore
ipl0243,SJA Taufel
ipl0244,K Hariharan
ipl0244,RE Koertzen
ipl0245,Asad Rauf
ipl0245,SJA Taufel
ipl0246,Asad Rauf
ipl0246,SJA Taufel
ipl0247,Asad Rauf
ipl0247,SJA Taufel
ipl0248,Asad Rauf
ipl0248,SJA Taufel
ipl0249,JD Cloete
ipl0249,SJA Taufel
ipl0250,S Asnani
ipl0250,HDPK Dharmasena
ipl0251,BF Bowden
ipl0251,SK Tarapore
ipl0252,AK Chaudhary
ipl0252,SJA Taufel
ipl0253,JD Cloete
ipl0253,HDPK Dharmasena
ipl0254,S Asnani
ipl0254,S Ravi
ipl0255,S Das
ipl0255,SJA Taufel
ipl0256,BF Bowden
ipl0256,VA Kulkarni
ipl0257,AK Chaudhary
ipl0257,JD Cloete
ipl0258,Asad Rauf
ipl0258,SK Tarapore
ipl0259,S Ravi
ipl0259,RJ Tucker
ipl0260,Aleem Dar
ipl0260,BNJ Oxenford
ipl0261,VA Kulkarni
ipl0261,SK Tarapore
ipl0262,HDPK Dharmasena
ipl0262,RJ Tucker
ipl0263,Asad Rauf
ipl0263,S Asnani
ipl0264,Aleem Dar
ipl0264,BNJ Oxenford
ipl0265,JD Cloete
ipl0265,RJ Tucker
ipl0266,Asad Rauf
ipl0266,S Asnani
ipl0267,BF Bowden
ipl0267,SK Tarapore
ipl0268,S Asnani
ipl0268,S Das
ipl0269,Aleem Dar
ipl0269,BNJ Oxenford
ipl0270,JD Cloete
ipl0270,RJ Tucker
ipl0271,Asad Rauf
ipl0271,S Das
ipl0272,BF Bowden
ipl0272,SK Tarapore
ipl0273,S Ravi
ipl0273,RJ Tucker
ipl0274,Asad Rauf
ipl0274,S Das
ipl0275,Aleem Dar
ipl0275,BNJ Oxenford
ipl0276,BF Bowden
ipl0276,SK Tarapore
ipl0277,S Ravi
ipl0277,RJ Tucker
ipl0278,Asad Rauf
ipl0278,S Asnani
ipl0279,S Ravi
ipl0279,RJ Tucker
ipl0280,Aleem Dar
ipl0280,BNJ Oxenford
ipl0281,S Ravi
ipl0281,RJ Tucker
ipl0282,Aleem Dar
ipl0282,BNJ Oxenford
ipl0283,Asad Rauf
ipl0283,BR Doctrove
ipl0284,BF Bowden
ipl0284,SK Tarapore
ipl0285,AK Chaudhary
ipl0285,BNJ Oxenford
ipl0286,S Ravi
ipl0286,RJ Tucker
ipl0287,BF Bowden
ipl0287,C Shamshuddin
ipl0288,JD Cloete
ipl0288,SJA Taufel
ipl0289,Aleem Dar
ipl0289,AK Chaudhary
ipl0290,BF Bowden
ipl0290,C Shamshuddin
ipl0291,Asad Rauf
ipl0291,S Asnani
ipl0292,HDPK Dharmasena
ipl0292,BNJ Oxenford
ipl0293,JD Cloete
ipl0293,SJA Taufel
ipl0294,BF Bowden
ipl0294,SK Tarapore
ipl0295,HDPK Dharmasena
ipl0295,BNJ Oxenford
ipl0296,Asad Rauf
ipl0296,S Asnani
ipl0297,JD Cloete
ipl0297,S Ravi
ipl0298,HDPK Dharmasena
ipl0298,BNJ Oxenford
ipl0299,Asad Rauf
ipl0299,BR Doctrove
ipl0300,BF Bowden
ipl0300,VA Kulkarni
ipl0301,BNJ Oxenford
ipl0301,C Shamshuddin
ipl0302,JD Cloete
ipl0302,SJA Taufel
ipl0303,BF Bowden
ipl0303,SK Tarapore
ipl0304,S Das
ipl0304,BR Doctrove
ipl0305,S Ravi
ipl0305,SJA Taufel
ipl0306,HDPK Dharmasena
ipl0306,BNJ Oxenford
ipl0307,BF Bowden
ipl0307,SK Tarapore
ipl0308,JD Cloete
ipl0308,SJA Taufel
ipl0309,S Das
ipl0309,BR Doctrove
ipl0310,HDPK Dharmasena
ipl0310,BNJ Oxenford
ipl0311,S Das
ipl0311,BR Doctrove
ipl0312,HDPK Dharmasena
ipl0312,C Shamshuddin
ipl0313,VA Kulkarni
ipl0313,SK Tarapore
ipl0314,S Ravi
ipl0314,SJA Taufel
ipl0315,S Asnani
ipl0315,BR Doctrove
ipl0316,BF Bowden
ipl0316,VA Kulkarni
ipl0317,HDPK Dharmasena
ipl0317,C Shamshuddin
ipl0318,S Ravi
ipl0318,SJA Taufel
ipl0319,BR Doctrove
ipl0319,SJA Taufel
ipl0320,BF Bowden
ipl0320,HDPK Dharmasena
ipl0321,BR Doctrove
ipl0321,SJA Taufel
ipl0322,BF Bowden
ipl0322,SJA Taufel
ipl0323,S Ravi
ipl0323,SJA Taufel
ipl0324,VA Kulkarni
ipl0324,C Shamshuddin
ipl0325,S Ravi
ipl0325,SJA Taufel
ipl0326,M Erasmus
ipl0326,VA Kulkarni
ipl0327,S Das
ipl0327,C Shamshuddin
ipl0328,AK Chaudhary
ipl0328,S Ravi
ipl0329,S Asnani
ipl0329,SJA Taufel
ipl0330,Aleem Dar
ipl0330,S Das
ipl0331,S Ravi
ipl0331,SJA Taufel
ipl0332,M Erasmus
ipl0332,VA Kulkarni
ipl0333,Aleem Dar
ipl0333,C Shamshuddin
ipl0334,M Erasmus
ipl0334,K Srinath
ipl0335,Asad Rauf
ipl0335,AK Chaudhary
ipl0336,Aleem Dar
ipl0336,Subroto Das
ipl0337,Asad Rauf
ipl0337,AK Chaudhary
ipl0338,S Ravi
ipl0338,SJA Taufel
ipl0339,Aleem Dar
ipl0339,C Shamshuddin
ipl0340,M Erasmus
ipl0340,VA Kulkarni
ipl0341,Asad Rauf
ipl0341,AK Chaudhary
ipl0342,M Erasmus
ipl0342,VA Kulkarni
ipl0343,CK Nandan
ipl0343,SJA Taufel
ipl0344,Aleem Dar
ipl0344,C Shamshuddin
ipl0345,Asad Rauf
ipl0345,AK Chaudhary
ipl0346,M Erasmus
ipl0346,VA Kulkarni
ipl0347,HDPK Dharmasena
ipl0347,CK Nandan
ipl0348,Aleem Dar
ipl0348,C Shamshuddin
ipl0349,Asad Rauf
ipl0349,AK Chaudhary
ipl0350,M Erasmus
ipl0350,K Srinath
ipl0351,HDPK Dharmasena
ipl0351,S Ravi
ipl0352,S Asnani
ipl0352,AK Chaudhary
ipl0353,VA Kulkarni
ipl0353,K Srinath
ipl0354,Aleem Dar
ipl0354,C Shamshuddin
ipl0355,HDPK Dharmasena
ipl0355,S Ravi
ipl0356,Aleem Dar
ipl0356,S Das
ipl0357,CK Nandan
ipl0357,S Ravi
ipl0358,Asad Rauf
ipl0358,S Asnani
ipl0359,VA Kulkarni
ipl0359,K Srinath
ipl0360,CK Nandan
ipl0360,S Ravi
ipl0361,Aleem Dar
ipl0361,SJA Taufel
ipl0362,Asad Rauf
ipl0362,AK Chaudhary
ipl0363,M Erasmus
ipl0363,K Srinath
ipl0364,S Das
ipl0364,SJA Taufel
ipl0365,HDPK Dharmasena
ipl0365,CK Nandan
ipl0366,Asad Rauf
ipl0366,S Asnani
ipl0367,Aleem Dar
ipl0367,C Shamshuddin
ipl0368,M Erasmus
ipl0368,VA Kulkarni
ipl0369,HDPK Dharmasena
ipl0369,CK Nandan
ipl0370,Asad Rauf
ipl0370,S Asnani
ipl0371,C Shamshuddin
ipl0371,RJ Tucker
ipl0372,HDPK Dharmasena
ipl0372,CK Nandan
ipl0373,VA Kulkarni
ipl0373,NJ Llong
ipl0374,HDPK Dharmasena
ipl0374,S Ravi
ipl0375,Aleem Dar
ipl0375,RJ Tucker
ipl0376,S Das
ipl0376,NJ Llong
ipl0377,Asad Rauf
ipl0377,S Asnani
ipl0378,HDPK Dharmasena
ipl0378,S Ravi
ipl0379,NJ Llong
ipl0379,K Srinath
ipl0380,S Das
ipl0380,RJ Tucker
ipl0381,Asad Rauf
ipl0381,AK Chaudhary
ipl0382,HDPK Dharmasena
ipl0382,CK Nandan
ipl0383,NJ Llong
ipl0383,K Srinath
ipl0384,AK Chaudhary
ipl0384,SJA Taufel
ipl0385,C Shamshuddin
ipl0385,RJ Tucker
ipl0386,HDPK Dharmasena
ipl0386,S Ravi
ipl0387,Asad Rauf
ipl0387,S Asnani
ipl0388,NJ Llong
ipl0388,K Srinath
ipl0389,HDPK Dharmasena
ipl0389,S Ravi
ipl0390,Asad Rauf
ipl0390,AK Chaudhary
ipl0391,C Shamshuddin
ipl0391,RJ Tucker
ipl0392,HDPK Dharmasena
ipl0392,CK Nandan
ipl0393,Asad Rauf
ipl0393,S Asnani
ipl0394,NJ Llong
ipl0394,SJA Taufel
ipl0395,NJ Llong
ipl0395,RJ Tucker
ipl0396,S Ravi
ipl0396,RJ Tucker
ipl0397,C Shamshuddin
ipl0397,SJA Taufel
ipl0398,HDPK Dharmasena
ipl0398,SJA Taufel
ipl0399,M Erasmus
ipl0399,RK Illingworth
ipl0400,Aleem Dar
ipl0400,S Ravi
ipl0401,BF Bowden
ipl0401,RK Illingworth
ipl0402,RK Illingworth
ipl0402,C Shamshuddin
ipl0403,Aleem Dar
ipl0403,VA Kulkarni
ipl0404,Aleem Dar
ipl0404,AK Chaudhary
ipl0405,BF Bowden
ipl0405,M Erasmus
ipl0406,RK Illingworth
ipl0406,C Shamshuddin
ipl0407,M Erasmus
ipl0407,S Ravi
ipl0408,HDPK Dharmasena
ipl0408,RK Illingworth
ipl0409,Aleem Dar
ipl0409,VA Kulkarni
ipl0410,BF Bowden
ipl0410,M Erasmus
ipl0411,M Erasmus
ipl0411,S Ravi
ipl0412,HDPK Dharmasena
ipl0412,RK Illingworth
ipl0413,HDPK Dharmasena
ipl0413,C Shamshuddin
ipl0414,AK Chaudhary
ipl0414,VA Kulkarni
ipl0415,Aleem Dar
ipl0415,VA Kulkarni
ipl0416,BF Bowden
ipl0416,S Ravi
ipl0417,Aleem Dar
ipl0417,AK Chaudhary
ipl0418,HDPK Dharmasena
ipl0418,M Erasmus
ipl0419,AK Chaudhary
ipl0419,NJ Llong
ipl0420,SS Hazare
ipl0420,S Ravi
ipl0421,BNJ Oxenford
ipl0421,C Shamshuddin
ipl0422,HDPK Dharmasena
ipl0422,VA Kulkarni
ipl0423,RM Deshpande
ipl0423,BNJ Oxenford
ipl0424,NJ Llong
ipl0424,CK Nandan
ipl0425,S Ravi
ipl0425,K Srinath
ipl0426,HDPK Dharmasena
ipl0426,PG Pathak
ipl0427,BNJ Oxenford
ipl0427,C Shamshuddin
ipl0428,AK Chaudhary
ipl0428,NJ Llong
ipl0429,S Ravi
ipl0429,K Srinath
ipl0430,HDPK Dharmasena
ipl0430,VA Kulkarni
ipl0431,RM Deshpande
ipl0431,BNJ Oxenford
ipl0432,S Ravi
ipl0432,RJ Tucker
ipl0433,NJ Llong
ipl0433,CK Nandan
ipl0434,HDPK Dharmasena
ipl0434,VA Kulkarni
ipl0435,K Srinath
ipl0435,RJ Tucker
ipl0436,BNJ Oxenford
ipl0436,C Shamshuddin
ipl0437,AK Chaudhary
ipl0437,NJ Llong
ipl0438,VA Kulkarni
ipl0438,PG Pathak
ipl0439,S Ravi
ipl0439,RJ Tucker
ipl0440,NJ Llong
ipl0440,CK Nandan
ipl0441,BNJ Oxenford
ipl0441,C Shamshuddin
ipl0442,HDPK Dharmasena
ipl0442,PG Pathak
ipl0443,S Ravi
ipl0443,RJ Tucker
ipl0444,RM Deshpande
ipl0444,C Shamshuddin
ipl0445,AK Chaudhary
ipl0445,NJ Llong
ipl0446,HDPK Dharmasena
ipl0446,VA Kulkarni
ipl0447,BNJ Oxenford
ipl0447,C Shamshuddin
ipl0448,AK Chaudhary
ipl0448,CK Nandan
ipl0449,HDPK Dharmasena
ipl0449,PG Pathak
ipl0450,S Ravi
ipl0450,RJ Tucker
ipl0451,RM Deshpande
ipl0451,BNJ Oxenford
ipl0452,AK Chaudhary
ipl0452,NJ Llong
ipl0453,K Srinath
ipl0453,RJ Tucker
ipl0454,HDPK Dharmasena
ipl0454,VA Kulkarni
ipl0455,NJ Llong
ipl0455,S Ravi
ipl0456,VA Kulkarni
ipl0456,BNJ Oxenford
ipl0457,HDPK Dharmasena
ipl0457,RJ Tucker
ipl0458,HDPK Dharmasena
ipl0458,BNJ Oxenford
ipl0459,S Ravi
ipl0459,C Shamshuddin
ipl0460,RK Illingworth
ipl0460,VA Kulkarni
ipl0461,SD Fry
ipl0461,CB Gaffaney
ipl0462,S Ravi
ipl0462,C Shamshuddin
ipl0463,RK Illingworth
ipl0463,VA Kulkarni
ipl0464,AK Chaudhary
ipl0464,K Srinivasan
ipl0465,SD Fry
ipl0465,CB Gaffaney
ipl0466,RM Deshpande
ipl0466,RK Illingworth
ipl0467,AK Chaudhary
ipl0467,SD Fry
ipl0468,CB Gaffaney
ipl0468,K Srinath
ipl0469,PG Pathak
ipl0469,S Ravi
ipl0470,AK Chaudhary
ipl0470,M Erasmus
ipl0471,SD Fry
ipl0471,CK Nandan
ipl0472,PG Pathak
ipl0472,S Ravi
ipl0473,RK Illingworth
ipl0473,VA Kulkarni
ipl0474,AK Chaudhary
ipl0474,M Erasmus
ipl0475,SD Fry
ipl0475,CB Gaffaney
ipl0476,M Erasmus
ipl0476,S Ravi
ipl0477,JD Cloete
ipl0477,C Shamshuddin
ipl0478,RK Illingworth
ipl0478,VA Kulkarni
ipl0479,SD Fry
ipl0479,CK Nandan
ipl0480,M Erasmus
ipl0480,S Ravi
ipl0481,JD Cloete
ipl0481,C Shamshuddin
ipl0482,HDPK Dharmasena
ipl0482,CB Gaffaney
ipl0483,M Erasmus
ipl0483,S Ravi
ipl0484,HDPK Dharmasena
ipl0484,CB Gaffaney
ipl0485,RM Deshpande
ipl0485,VA Kulkarni
ipl0486,JD Cloete
ipl0486,PG Pathak
ipl0487,AK Chaudhary
ipl0487,M Erasmus
ipl0488,HDPK Dharmasena
ipl0488,CK Nandan
ipl0489,RK Illingworth
ipl0489,S Ravi
ipl0490,AK Chaudhary
ipl0490,K Srinivasan
ipl0491,JD Cloete
ipl0491,PG Pathak
ipl0492,HDPK Dharmasena
ipl0492,CB Gaffaney
ipl0493,RK Illingworth
ipl0493,VA Kulkarni
ipl0494,AK Chaudhary
ipl0494,M Erasmus
ipl0495,C Shamshuddin
ipl0495,K Srinath
ipl0496,HDPK Dharmasena
ipl0496,CB Gaffaney
ipl0497,RK Illingworth
ipl0497,VA Kulkarni
ipl0498,JD Cloete
ipl0498,C Shamshuddin
ipl0499,AK Chaudhary
ipl0499,M Erasmus
ipl0500,CB Gaffaney
ipl0500,CK Nandan
ipl0501,VA Kulkarni
ipl0501,S Ravi
ipl0502,AK Chaudhary
ipl0502,HDPK Dharmasena
ipl0503,M Erasmus
ipl0503,CK Nandan
ipl0504,JD Cloete
ipl0504,C Shamshuddin
ipl0505,AK Chaudhary
ipl0505,HDPK Dharmasena
ipl0506,RK Illingworth
ipl0506,VA Kulkarni
ipl0507,JD Cloete
ipl0507,C Shamshuddin
ipl0508,RK Illingworth
ipl0508,VA Kulkarni
ipl0509,AK Chaudhary
ipl0509,HDPK Dharmasena
ipl0510,RM Deshpande
ipl0510,RK Illingworth
ipl0511,CK Nandan
ipl0511,C Shamshuddin
ipl0512,CB Gaffaney
ipl0512,K Srinath
ipl0513,HDPK Dharmasena
ipl0513,K Srinivasan
ipl0514,HDPK Dharmasena
ipl0514,RK Illingworth
ipl0515,AK Chaudhary
ipl0515,C Shamshuddin
ipl0516,AK Chaudhary
ipl0516,CB Gaffaney
ipl0517,HDPK Dharmasena
ipl0517,RK Illingworth
ipl0518,HDPK Dharmasena
ipl0518,CK Nandan
ipl0519,S Ravi
ipl0519,C Shamshuddin
ipl0520,AK Chaudhary
ipl0520,VA Kulkarni
ipl0521,HDPK Dharmasena
ipl0521,VK Sharma
ipl0522,Nitin Menon
ipl0522,S Ravi
ipl0523,VA Kulkarni
ipl0523,CK Nandan
ipl0524,S Ravi
ipl0524,C Shamshuddin
ipl0525,HDPK Dharmasena
ipl0525,VK Sharma
ipl0526,AK Chaudhary
ipl0526,CK Nandan
ipl0527,VA Kulkarni
ipl0527,A Nand Kishore
ipl0528,S Ravi
ipl0528,C Shamshuddin
ipl0529,HDPK Dharmasena
ipl0529,VK Sharma
ipl0530,S Ravi
ipl0530,C Shamshuddin
ipl0531,AK Chaudhary
ipl0531,CK Nandan
ipl0532,K Bharatan
ipl0532,HDPK Dharmasena
ipl0533,CB Gaffaney
ipl0533,VK Sharma
ipl0534,AK Chaudhary
ipl0534,CK Nandan
ipl0535,S Ravi
ipl0535,C Shamshuddin
ipl0536,CB Gaffaney
ipl0536,A Nand Kishore
ipl0537,K Bharatan
ipl0537,BNJ Oxenford
ipl0538,Nitin Menon
ipl0538,RJ Tucker
ipl0539,AY Dandekar
ipl0539,CK Nandan
ipl0540,M Erasmus
ipl0540,S Ravi
ipl0541,Nitin Menon
ipl0541,RJ Tucker
ipl0542,CB Gaffaney
ipl0542,BNJ Oxenford
ipl0543,AK Chaudhary
ipl0543,HDPK Dharmasena
ipl0544,KN Ananthapadmanabhan
ipl0544,M Erasmus
ipl0545,AY Dandekar
ipl0545,RJ Tucker
ipl0546,BNJ Oxenford
ipl0546,VK Sharma
ipl0547,M Erasmus
ipl0547,S Ravi
ipl0548,CB Gaffaney
ipl0548,BNJ Oxenford
ipl0549,AK Chaudhary
ipl0549,HDPK Dharmasena
ipl0550,C Shamshuddin
ipl0550,RJ Tucker
ipl0551,M Erasmus
ipl0551,S Ravi
ipl0552,HDPK Dharmasena
ipl0552,CK Nandan
ipl0553,CB Gaffaney
ipl0553,BNJ Oxenford
ipl0554,M Erasmus
ipl0554,RJ Tucker
ipl0555,S Ravi
ipl0555,C Shamshuddin
ipl0556,AK Chaudhary
ipl0556,HDPK Dharmasena
ipl0557,CB Gaffaney
ipl0557,VK Sharma
ipl0558,AY Dandekar
ipl0558,C Shamshuddin
ipl0559,K Bharatan
ipl0559,M Erasmus
ipl0560,HDPK Dharmasena
ipl0560,CK Nandan
ipl0561,A Nand Kishore
ipl0561,BNJ Oxenford
ipl0562,AY Dandekar
ipl0562,VK Sharma
ipl0563,Nitin Menon
ipl0563,CK Nandan
ipl0564,KN Ananthapadmanabhan
ipl0564,M Erasmus
ipl0565,CB Gaffaney
ipl0565,A Nand Kishore
ipl0566,Nitin Menon
ipl0566,C Shamshuddin
ipl0567,KN Ananthapadmanabhan
ipl0567,M Erasmus
ipl0568,AK Chaudhary
ipl0568,CK Nandan
ipl0569,A Nand Kishore
ipl0569,BNJ Oxenford
ipl0570,AK Chaudhary
ipl0570,CK Nandan
ipl0571,HDPK Dharmasena
ipl0571,Nitin Menon
ipl0572,A Nand Kishore
ipl0572,BNJ Oxenford
ipl0573,KN Ananthapadmanabhan
ipl0573,M Erasmus
ipl0574,AK Chaudhary
ipl0574,HDPK Dharmasena
ipl0575,M Erasmus
ipl0575,C Shamshuddin
ipl0576,M Erasmus
ipl0576,CK Nandan
ipl0577,HDPK Dharmasena
ipl0577,BNJ Oxenford
ipl0578,AY Dandekar
ipl0578,NJ Llong
ipl0579,A Nand Kishore
ipl0579,S Ravi
ipl0580,Nitin Menon
ipl0580,CK Nandan
ipl0581,S Ravi
ipl0581,VK Sharma
ipl0582,AK Chaudhary
ipl0582,C Shamshuddin
ipl0583,Nitin Menon
ipl0583,CK Nandan
ipl0584,A Deshmukh
ipl0584,NJ Llong
ipl0585,AK Chaudhary
ipl0585,C Shamshuddin
ipl0586,AY Dandekar
ipl0586,S Ravi
ipl0587,Nitin Menon
ipl0587,CK Nandan
ipl0588,A Deshmukh
ipl0588,NJ Llong
ipl0589,A Nand Kishore
ipl0589,S Ravi
ipl0590,KN Ananthapadmanabhan
ipl0590,AK Chaudhary
ipl0591,YC Barde
ipl0591,Nitin Menon
ipl0592,AY Dandekar
ipl0592,NJ Llong
ipl0593,KN Ananthapadmanabhan
ipl0593,C Shamshuddin
ipl0594,A Nand Kishore
ipl0594,S Ravi
ipl0595,AY Dandekar
ipl0595,A Deshmukh
ipl0596,Nitin Menon
ipl0596,CK Nandan
ipl0597,S Ravi
ipl0597,VK Sharma
ipl0598,CB Gaffaney
ipl0598,NJ Llong
ipl0599,M Erasmus
ipl0599,C Shamshuddin
ipl0600,CB Gaffaney
ipl0600,Nitin Menon
ipl0601,AY Dandekar
ipl0601,A Deshmukh
ipl0602,A Nand Kishore
ipl0602,S Ravi
ipl0603,CB Gaffaney
ipl0603,CK Nandan
ipl0604,AK Chaudhary
ipl0604,M Erasmus
ipl0605,A Nand Kishore
ipl0605,S Ravi
ipl0606,AY Dandekar
ipl0606,NJ Llong
ipl0607,AK Chaudhary
ipl0607,C Shamshuddin
ipl0608,Nitin Menon
ipl0608,CK Nandan
ipl0609,NJ Llong
ipl0609,S Ravi
ipl0610,AK Chaudhary
ipl0610,CB Gaffaney
ipl0611,KN Ananthapadmanabhan
ipl0611,M Erasmus
ipl0612,AY Dandekar
ipl0612,S Ravi
ipl0613,YC Barde
ipl0613,CK Nandan
ipl0614,M Erasmus
ipl0614,C Shamshuddin
ipl0615,AK Chaudhary
ipl0615,CB Gaffaney
ipl0616,YC Barde
ipl0616,Nitin Menon
ipl0617,KN Ananthapadmanabhan
ipl0617,A Nand Kishore
ipl0618,M Erasmus
ipl0618,Nitin Menon
ipl0619,CB Gaffaney
ipl0619,C Shamshuddin
ipl0620,Nitin Menon
ipl0620,CK Nandan
ipl0621,KN Ananthapadmanabhan
ipl0621,AK Chaudhary
ipl0622,A Nand Kishore
ipl0622,VK Sharma
ipl0623,AY Dandekar
ipl0623,C Shamshuddin
ipl0624,KN Ananthapadmanabhan
ipl0624,M Erasmus
ipl0625,A Nand Kishore
ipl0625,S Ravi
ipl0626,YC Barde
ipl0626,AK Chaudhary
ipl0627,A Deshmukh
ipl0627,A Nand Kishore
ipl0628,KN Ananthapadmanabhan
ipl0628,CK Nandan
ipl0629,A Nand Kishore
ipl0629,S Ravi
ipl0630,AK Chaudhary
ipl0630,Nitin Menon
ipl0631,CK Nandan
ipl0631,C Shamshuddin
ipl0632,AY Dandekar
ipl0632,A Deshmukh
ipl0633,S Ravi
ipl0633,C Shamshuddin
ipl0634,AK Chaudhary
ipl0634,Nitin Menon
ipl0635,NJ Llong
ipl0635,Nitin Menon
ipl0636,NJ Llong
ipl0636,S Ravi
ipl0637,CB Gaffaney
ipl0637,A Nand Kishore
ipl0638,A Deshmukh
ipl0638,C Shamshuddin
ipl0639,KN Ananthapadmanabhan
ipl0639,RJ Tucker
ipl0640,NJ Llong
ipl0640,VA Kulkarni
ipl0641,AK Chaudhary
ipl0641,CB Gaffaney
ipl0642,KN Ananthapadmanabhan
ipl0642,Nitin Menon
ipl0643,CK Nandan
ipl0643,NJ Llong
ipl0644,A Deshmukh
ipl0644,S Ravi
ipl0645,AK Chaudhary
ipl0645,A Nand Kishore
ipl0646,KN Ananthapadmanabhan
ipl0646,Nitin Menon
ipl0647,CK Nandan
ipl0647,VA Kulkarni
ipl0648,C Shamshuddin
ipl0648,S Ravi
ipl0649,AK Chaudhary
ipl0649,A Nand Kishore
ipl0650,Nitin Menon
ipl0650,RJ Tucker
ipl0651,A Deshmukh
ipl0651,S Ravi
ipl0652,AK Chaudhary
ipl0652,NJ Llong
ipl0653,KN Ananthapadmanabhan
ipl0653,Nitin Menon
ipl0654,CB Gaffaney
ipl0654,CK Nandan
ipl0655,A Deshmukh
ipl0655,C Shamshuddin
ipl0656,KN Ananthapadmanabhan
ipl0656,RJ Tucker
ipl0657,AK Chaudhary
ipl0657,VA Kulkarni
ipl0658,A Nand Kishore
ipl0658,CK Nandan
ipl0659,C Shamshuddin
ipl0659,S Ravi
ipl0660,NJ Llong
ipl0660,VK Sharma
ipl0661,CK Nandan
ipl0661,YC Barde
ipl0662,C Shamshuddin
ipl0662,S Ravi
ipl0663,CB Gaffaney
ipl0663,Nitin Menon
ipl0664,AK Chaudhary
ipl0664,NJ Llong
ipl0665,BNJ Oxenford
ipl0665,A Nand Kishore
ipl0666,AY Dandekar
ipl0666,C Shamshuddin
ipl0667,M Erasmus
ipl0667,Nitin Menon
ipl0668,CK Nandan
ipl0668,VK Sharma
ipl0669,A Deshmukh
ipl0669,HDPK Dharmasena
ipl0670,AY Dandekar
ipl0670,S Ravi
ipl0671,BNJ Oxenford
ipl0671,CK Nandan
ipl0672,Nitin Menon
ipl0672,YC Barde
ipl0673,C Shamshuddin
ipl0673,S Ravi
ipl0674,A Deshmukh
ipl0674,HDPK Dharmasena
ipl0675,BNJ Oxenford
ipl0675,VK Sharma
ipl0676,M Erasmus
ipl0676,Nitin Menon
ipl0677,KN Ananthapadmanabhan
ipl0677,AK Chaudhary
ipl0678,AY Dandekar
ipl0678,C Shamshuddin
ipl0679,M Erasmus
ipl0679,YC Barde
ipl0680,KN Ananthapadmanabhan
ipl0680,HDPK Dharmasena
ipl0681,CK Nandan
ipl0681,VK Sharma
ipl0682,Nitin Menon
ipl0682,S Ravi
ipl0683,M Erasmus
ipl0683,YC Barde
ipl0684,BNJ Oxenford
ipl0684,VK Sharma
ipl0685,AK Chaudhary
ipl0685,HDPK Dharmasena
ipl0686,M Erasmus
ipl0686,Nitin Menon
ipl0687,AY Dandekar
ipl0687,S Ravi
ipl0688,HDPK Dharmasena
ipl0688,VA Kulkarni
ipl0689,AK Chaudhary
ipl0689,S Ravi
ipl0690,BNJ Oxenford
ipl0690,VK Sharma
ipl0691,Nitin Menon
ipl0691,YC Barde
ipl0692,HDPK Dharmasena
ipl0692,CK Nandan
ipl0693,C Shamshuddin
ipl0693,M Erasmus
ipl0694,AK Chaudhary
ipl0694,Nitin Menon
ipl0695,HDPK Dharmasena
ipl0695,Nitin Menon
ipl0696,M Erasmus
ipl0696,S Ravi
ipl0697,AY Dandekar
ipl0697,BNJ Oxenford
ipl0698,S Ravi
ipl0698,YC Barde
ipl0699,AK Chaudhary
ipl0699,CB Gaffaney
ipl0700,C Shamshuddin
ipl0700,KN Ananthapadmanabhan
ipl0701,M Erasmus
ipl0701,Nitin Menon
ipl0702,AK Chaudhary
ipl0702,VA Kulkarni
ipl0703,CK Nandan
ipl0703,S Ravi
ipl0704,BNJ Oxenford
ipl0704,C Shamshuddin
ipl0705,AY Dandekar
ipl0705,Nitin Menon
ipl0706,CB Gaffaney
ipl0706,VA Kulkarni
ipl0707,CK Nandan
ipl0707,YC Barde
ipl0708,KN Ananthapadmanabhan
ipl0708,S Ravi
ipl0709,AK Chaudhary
ipl0709,CB Gaffaney
ipl0710,AY Dandekar
ipl0710,M Erasmus
ipl0711,BNJ Oxenford
ipl0711,RJ Tucker
ipl0712,C Shamshuddin
ipl0712,KN Ananthapadmanabhan
ipl0713,AK Chaudhary
ipl0713,CB Gaffaney
ipl0714,AY Dandekar
ipl0714,Nitin Menon
ipl0715,KN Ananthapadmanabhan
ipl0715,RJ Tucker
ipl0716,AK Chaudhary
ipl0716,CB Gaffaney
ipl0717,S Ravi
ipl0717,YC Barde
ipl0718,AY Dandekar
ipl0718,M Erasmus
ipl0719,C Shamshuddin
ipl0719,RJ Tucker
ipl0720,S Ravi
ipl0720,YC Barde
ipl0721,BNJ Oxenford
ipl0721,UV Gandhe
ipl0722,CK Nandan
ipl0722,YC Barde
ipl0723,S Ravi
ipl0723,UV Gandhe
ipl0724,A Nand Kishore
ipl0724,Nitin Menon
ipl0725,AK Chaudhary
ipl0725,BNJ Oxenford
ipl0726,CK Nandan
ipl0726,RJ Tucker
ipl0727,M Erasmus
ipl0727,Nitin Menon
ipl0728,AK Chaudhary
ipl0728,VA Kulkarni
ipl0729,IJ Gould
ipl0729,UV Gandhe
ipl0730,BNJ Oxenford
ipl0730,NJ Llong
ipl0731,IJ Gould
ipl0731,Nitin Menon
ipl0732,C Shamshuddin
ipl0732,UV Gandhe
ipl0733,S Ravi
ipl0733,YC Barde
ipl0734,RJ Tucker
ipl0734,VA Kulkarni
ipl0735,NJ Llong
ipl0735,Nitin Menon
ipl0736,A Nand Kishore
ipl0736,S Ravi
ipl0737,AK Chaudhary
ipl0737,NJ Llong
ipl0738,BNJ Oxenford
ipl0738,C Shamshuddin
ipl0739,AY Dandekar
ipl0739,IJ Gould
ipl0740,AK Chaudhary
ipl0740,NJ Llong
ipl0741,A Nand Kishore
ipl0741,YC Barde
ipl0742,IJ Gould
ipl0742,Nitin Menon
ipl0743,BNJ Oxenford
ipl0743,KN Ananthapadmanabhan
ipl0744,CK Nandan
ipl0744,S Ravi
ipl0745,NJ Llong
ipl0745,UV Gandhe
ipl0746,AY Dandekar
ipl0746,Nitin Menon
ipl0747,CK Nandan
ipl0747,S Ravi
ipl0748,BNJ Oxenford
ipl0748,C Shamshuddin
ipl0749,AK Chaudhary
ipl0749,NJ Llong
ipl0750,AY Dandekar
ipl0750,IJ Gould
ipl0751,A Nand Kishore
ipl0751,CK Nandan
ipl0752,C Shamshuddin
ipl0752,KN Ananthapadmanabhan
ipl0753,NJ Llong
ipl0753,Nitin Menon
ipl0754,BNJ Oxenford
ipl0754,S Ravi
ipl0755,BNJ Oxenford
ipl0755,S Ravi
ipl0756,IJ Gould
ipl0756,Nitin Menon
ipl0757,CB Gaffaney
ipl0757,VK Sharma
ipl0758,AK Chaudhary
ipl0758,Nitin Menon
ipl0759,AY Dandekar
ipl0759,Nitin Menon
ipl0760,C Shamshuddin
ipl0760,VA Kulkarni
ipl0761,CB Gaffaney
ipl0761,S Ravi
ipl0762,AK Chaudhary
ipl0762,PR Reiffel
ipl0763,KN Ananthapadmanabhan
ipl0763,RK Illingworth
ipl0764,CB Gaffaney
ipl0764,VK Sharma
ipl0765,RK Illingworth
ipl0765,K Srinivasan
ipl0766,Nitin Menon
ipl0766,PR Reiffel
ipl0767,VK Sharma
ipl0767,S Ravi
ipl0768,KN Ananthapadmanabhan
ipl0768,C Shamshuddin
ipl0769,VK Sharma
ipl0769,S Ravi
ipl0770,AK Chaudhary
ipl0770,PR Reiffel
ipl0771,VA Kulkarni
ipl0771,RK Illingworth
ipl0772,CB Gaffaney
ipl0772,S Ravi
ipl0773,KN Ananthapadmanabhan
ipl0773,RK Illingworth
ipl0774,AY Dandekar
ipl0774,Nitin Menon
ipl0775,Nitin Menon
ipl0775,YC Barde
ipl0776,VK Sharma
ipl0776,S Ravi
ipl0777,KN Ananthapadmanabhan
ipl0777,RK Illingworth
ipl0778,AK Chaudhary
ipl0778,Nitin Menon
ipl0779,KN Ananthapadmanabhan
ipl0779,C Shamshuddin
ipl0780,AK Chaudhary
ipl0780,PR Reiffel
ipl0781,UV Gandhe
ipl0781,CB Gaffaney
ipl0782,CB Gaffaney
ipl0782,S Ravi
ipl0783,YC Barde
ipl0783,PR Reiffel
ipl0784,RK Illingworth
ipl0784,K Srinivasan
ipl0785,AK Chaudhary
ipl0785,PR Reiffel
ipl0786,AK Chaudhary
ipl0786,Nitin Menon
ipl0787,KN Ananthapadmanabhan
ipl0787,C Shamshuddin
ipl0788,CB Gaffaney
ipl0788,VK Sharma
ipl0789,AK Chaudhary
ipl0789,Nitin Menon
ipl0790,KN Ananthapadmanabhan
ipl0790,RK Illingworth
ipl0791,Nitin Menon
ipl0791,PR Reiffel
ipl0792,PG Pathak
ipl0792,S Ravi
ipl0793,CB Gaffaney
ipl0793,VK Sharma
ipl0794,C Shamshuddin
ipl0794,RK Illingworth
ipl0795,VK Sharma
ipl0795,S Ravi
ipl0796,Nitin Menon
ipl0796,PR Reiffel
ipl0797,C Shamshuddin
ipl0797,VA Kulkarni
ipl0798,AY Dandekar
ipl0798,PR Reiffel
ipl0799,CB Gaffaney
ipl0799,PG Pathak
ipl0800,C Shamshuddin
ipl0800,RK Illingworth
ipl0801,UV Gandhe
ipl0801,VK Sharma
ipl0802,KN Ananthapadmanabhan
ipl0802,RK Illingworth
ipl0803,AK Chaudhary
ipl0803,Nitin Menon
ipl0804,UV Gandhe
ipl0804,CB Gaffaney
ipl0805,C Shamshuddin
ipl0805,RK Illingworth
ipl0806,CB Gaffaney
ipl0806,S Ravi
ipl0807,YC Barde
ipl0807,PR Reiffel
ipl0808,KN Ananthapadmanabhan
ipl0808,K Srinivasan
ipl0809,Nitin Menon
ipl0809,PR Reiffel
ipl0810,PG Pathak
ipl0810,VK Sharma
ipl0811,CB Gaffaney
ipl0811,S Ravi
ipl0812,C Shamshuddin
ipl0812,RK Illingworth
ipl0813,CB Gaffaney
ipl0813,Nitin Menon
ipl0814,PR Reiffel
ipl0814,S Ravi
ipl0815,PR Reiffel
ipl0815,S Ravi
ipl0816,CB Gaffaney
ipl0816,Nitin Menon
ipl0817,KN Ananthapadmanabhan
ipl0817,Nitin Menon
ipl0818,AK Chaudhary
ipl0818,VK Sharma
ipl0819,KN Ananthapadmanabhan
ipl0819,Nitin Menon
ipl0820,AK Chaudhary
ipl0820,S Ravi
ipl0821,C Shamshuddin
ipl0821,CB Gaffaney
ipl0822,Nitin Menon
ipl0822,UV Gandhe
ipl0823,S Ravi
ipl0823,VK Sharma
ipl0824,AK Chaudhary
ipl0824,AY Dandekar
ipl0825,CB Gaffaney
ipl0825,K Srinivasan
ipl0826,AK Chaudhary
ipl0826,PR Reiffel
ipl0827,C Shamshuddin
ipl0827,Nitin Menon
ipl0828,PR Reiffel
ipl0828,VK Sharma
ipl0829,C Shamshuddin
ipl0829,CB Gaffaney
ipl0830,AY Dandekar
ipl0830,PR Reiffel
ipl0831,K Srinivasan
ipl0831,Nitin Menon
ipl0832,J Madanagopal
ipl0832,S Ravi
ipl0833,C Shamshuddin
ipl0833,Nitin Menon
ipl0834,Navdeep Singh
ipl0834,S Ravi
ipl0835,CB Gaffaney
ipl0835,KN Ananthapadmanabhan
ipl0836,AK Chaudhary
ipl0836,VK Sharma
ipl0837,PR Reiffel
ipl0837,YC Barde
ipl0838,S Ravi
ipl0838,VK Sharma
ipl0839,C Shamshuddin
ipl0839,CK Nandan
ipl0840,AK Chaudhary
ipl0840,YC Barde
ipl0841,CB Gaffaney
ipl0841,KN Ananthapadmanabhan
ipl0842,S Ravi
ipl0842,VK Sharma
ipl0843,KN Ananthapadmanabhan
ipl0843,CK Nandan
ipl0844,AK Chaudhary
ipl0844,AY Dandekar
ipl0845,C Shamshuddin
ipl0845,CB Gaffaney
ipl0846,Nitin Menon
ipl0846,RK Illingworth
ipl0847,CB Gaffaney
ipl0847,S Ravi
ipl0848,AK Chaudhary
ipl0848,MA Gough
ipl0849,KN Ananthapadmanabhan
ipl0849,RK Illingworth
ipl0850,S Ravi
ipl0850,VK Sharma
ipl0851,AK Chaudhary
ipl0851,Nitin Menon
ipl0852,RK Illingworth
ipl0852,YC Barde
ipl0853,CB Gaffaney
ipl0853,UV Gandhe
ipl0854,AK Chaudhary
ipl0854,MA Gough
ipl0855,CB Gaffaney
ipl0855,Tapan Sharma
ipl0856,KN Ananthapadmanabhan
ipl0856,Navdeep Singh
ipl0857,S Ravi
ipl0857,VK Sharma
ipl0858,Nitin Menon
ipl0858,HAS Khalid
ipl0859,AY Dandekar
ipl0859,KN Ananthapadmanabhan
ipl0860,Nitin Menon
ipl0860,YC Barde
ipl0861,KN Ananthapadmanabhan
ipl0861,RK Illingworth
ipl0862,AK Chaudhary
ipl0862,MA Gough
ipl0863,CB Gaffaney
ipl0863,VK Sharma
ipl0864,J Madanagopal
ipl0864,MA Gough
ipl0865,KN Ananthapadmanabhan
ipl0865,RK Illingworth
ipl0866,AK Chaudhary
ipl0866,Nitin Menon
ipl0867,AK Chaudhary
ipl0867,MA Gough
ipl0868,S Ravi
ipl0868,UV Gandhe
ipl0869,MA Gough
ipl0869,HAS Khalid
ipl0870,K Srinivasan
ipl0870,RK Illingworth
ipl0871,KN Ananthapadmanabhan
ipl0871,Nitin Menon
ipl0872,Tapan Sharma
ipl0872,VK Sharma
ipl0873,Nitin Menon
ipl0873,RK Illingworth
ipl0874,CB Gaffaney
ipl0874,VK Sharma
ipl0875,KN Ananthapadmanabhan
ipl0875,MA Gough
ipl0876,Nitin Menon
ipl0876,RK Illingworth
ipl0877,AK Chaudhary
ipl0877,Nitin Menon
ipl0878,Nitin Menon
ipl0878,YC Barde
ipl0879,RJ Tucker
ipl0879,HAS Khalid
ipl0880,PG Pathak
ipl0880,VK Sharma
ipl0881,BNJ Oxenford
ipl0881,UV Gandhe
ipl0882,J Madanagopal
ipl0882,Navdeep Singh
ipl0883,RJ Tucker
ipl0883,VK Sharma
ipl0884,AK Chaudhary
ipl0884,HAS Khalid
ipl0885,KN Ananthapadmanabhan
ipl0885,UV Gandhe
ipl0886,Nitin Menon
ipl0886,PG Pathak
ipl0887,RJ Tucker
ipl0887,YC Barde
ipl0888,J Madanagopal
ipl0888,Navdeep Singh
ipl0889,AK Chaudhary
ipl0889,HAS Khalid
ipl0890,BNJ Oxenford
ipl0890,KN Ananthapadmanabhan
ipl0891,RJ Tucker
ipl0891,Tapan Sharma
ipl0892,AK Chaudhary
ipl0892,VK Sharma
ipl0893,BNJ Oxenford
ipl0893,KN Ananthapadmanabhan
ipl0894,Navdeep Singh
ipl0894,Nitin Menon
ipl0895,AK Chaudhary
ipl0895,Tapan Sharma
ipl0896,CB Gaffaney
ipl0896,J Madanagopal
ipl0897,Chirra Ravikanthreddy
ipl0897,RJ Tucker
ipl0898,Nitin Menon
ipl0898,N Pandit
ipl0899,BNJ Oxenford
ipl0899,UV Gandhe
ipl0900,CB Gaffaney
ipl0900,R Pandit
ipl0901,GR Sadashiv Iyer
ipl0901,VK Sharma
