key_id,teams
t20s0001,Kenya
t20s0001,Namibia
t20s0002,New Zealand
t20s0002,Australia
t20s0003,England
t20s0003,Australia
t20s0004,South Africa
t20s0004,New Zealand
t20s0005,Australia
t20s0005,South Africa
t20s0006,New Zealand
t20s0006,West Indies
t20s0007,South Africa
t20s0007,Australia
t20s0008,England
t20s0008,Sri Lanka
t20s0009,England
t20s0009,Pakistan
t20s0010,South Africa
t20s0010,India
t20s0011,New Zealand
t20s0011,Sri Lanka
t20s0012,New Zealand
t20s0012,Sri Lanka
t20s0013,Australia
t20s0013,England
t20s0014,England
t20s0014,West Indies
t20s0015,England
t20s0015,West Indies
t20s0016,Kenya
t20s0016,Bangladesh
t20s0017,Bangladesh
t20s0017,Pakistan
t20s0018,Kenya
t20s0018,Pakistan
t20s0019,South Africa
t20s0019,West Indies
t20s0020,Australia
t20s0020,Zimbabwe
t20s0021,Pakistan
t20s0021,Scotland
t20s0022,Kenya
t20s0022,New Zealand
t20s0023,England
t20s0023,Zimbabwe
t20s0024,Bangladesh
t20s0024,West Indies
t20s0025,India
t20s0025,Pakistan
t20s0026,Australia
t20s0026,England
t20s0027,Kenya
t20s0027,Sri Lanka
t20s0028,South Africa
t20s0028,Bangladesh
t20s0029,New Zealand
t20s0029,Sri Lanka
t20s0030,South Africa
t20s0030,England
t20s0031,Australia
t20s0031,Bangladesh
t20s0032,India
t20s0032,New Zealand
t20s0033,Pakistan
t20s0033,Sri Lanka
t20s0034,Bangladesh
t20s0034,Sri Lanka
t20s0035,Australia
t20s0035,Pakistan
t20s0036,England
t20s0036,New Zealand
t20s0037,England
t20s0037,India
t20s0038,South Africa
t20s0038,New Zealand
t20s0039,South Africa
t20s0039,India
t20s0040,Bangladesh
t20s0040,Pakistan
t20s0041,Australia
t20s0041,Sri Lanka
t20s0042,Australia
t20s0042,India
t20s0043,New Zealand
t20s0043,Pakistan
t20s0044,India
t20s0044,Pakistan
t20s0045,India
t20s0045,Australia
t20s0046,South Africa
t20s0046,New Zealand
t20s0047,Australia
t20s0047,New Zealand
t20s0048,South Africa
t20s0048,West Indies
t20s0049,South Africa
t20s0049,West Indies
t20s0050,Australia
t20s0050,India
t20s0051,New Zealand
t20s0051,England
t20s0052,New Zealand
t20s0052,England
t20s0053,Pakistan
t20s0053,Bangladesh
t20s0054,England
t20s0054,New Zealand
t20s0055,West Indies
t20s0055,Australia
t20s0056,Bermuda
t20s0056,Scotland
t20s0057,Netherlands
t20s0057,Scotland
t20s0058,Ireland
t20s0058,Kenya
t20s0059,Pakistan
t20s0059,Sri Lanka
t20s0060,Pakistan
t20s0060,Sri Lanka
t20s0061,South Africa
t20s0061,Bangladesh
t20s0062,New Zealand
t20s0062,West Indies
t20s0063,New Zealand
t20s0063,West Indies
t20s0064,Australia
t20s0064,South Africa
t20s0065,Australia
t20s0065,South Africa
t20s0066,Sri Lanka
t20s0066,India
t20s0067,Australia
t20s0067,New Zealand
t20s0068,New Zealand
t20s0068,India
t20s0069,New Zealand
t20s0069,India
t20s0070,West Indies
t20s0070,England
t20s0071,South Africa
t20s0071,Australia
t20s0072,South Africa
t20s0072,Australia
t20s0073,Australia
t20s0073,Pakistan
t20s0074,England
t20s0074,Netherlands
t20s0075,Bangladesh
t20s0075,India
t20s0076,Australia
t20s0076,West Indies
t20s0077,New Zealand
t20s0077,Scotland
t20s0078,England
t20s0078,Pakistan
t20s0079,Scotland
t20s0079,South Africa
t20s0080,Australia
t20s0080,Sri Lanka
t20s0081,Bangladesh
t20s0081,Ireland
t20s0082,New Zealand
t20s0082,South Africa
t20s0083,Netherlands
t20s0083,Pakistan
t20s0084,Sri Lanka
t20s0084,West Indies
t20s0085,India
t20s0085,Ireland
t20s0086,England
t20s0086,South Africa
t20s0087,Ireland
t20s0087,New Zealand
t20s0088,India
t20s0088,West Indies
t20s0089,Pakistan
t20s0089,Sri Lanka
t20s0090,New Zealand
t20s0090,Pakistan
t20s0091,South Africa
t20s0091,West Indies
t20s0092,England
t20s0092,India
t20s0093,Ireland
t20s0093,Sri Lanka
t20s0094,Ireland
t20s0094,Pakistan
t20s0095,England
t20s0095,West Indies
t20s0096,India
t20s0096,South Africa
t20s0097,New Zealand
t20s0097,Sri Lanka
t20s0098,Pakistan
t20s0098,South Africa
t20s0099,India
t20s0099,New Zealand
t20s0100,Sri Lanka
t20s0100,West Indies
t20s0101,England
t20s0101,Australia
t20s0102,Pakistan
t20s0102,Sri Lanka
t20s0103,England
t20s0103,Australia
t20s0104,West Indies
t20s0104,Bangladesh
t20s0105,Sri Lanka
t20s0105,Pakistan
t20s0106,England
t20s0106,Australia
t20s0107,Sri Lanka
t20s0107,New Zealand
t20s0108,Sri Lanka
t20s0108,New Zealand
t20s0109,South Africa
t20s0109,West Indies
t20s0110,New Zealand
t20s0110,Pakistan
t20s0111,New Zealand
t20s0111,Pakistan
t20s0112,South Africa
t20s0112,England
t20s0113,South Africa
t20s0113,England
t20s0114,India
t20s0114,Sri Lanka
t20s0115,India
t20s0115,Sri Lanka
t20s0116,New Zealand
t20s0116,Bangladesh
t20s0117,Australia
t20s0117,Pakistan
t20s0118,Canada
t20s0118,Netherlands
t20s0119,Afghanistan
t20s0119,Ireland
t20s0120,Canada
t20s0120,Kenya
t20s0121,Ireland
t20s0121,Scotland
t20s0122,Afghanistan
t20s0122,Netherlands
t20s0123,Afghanistan
t20s0123,Ireland
t20s0124,Ireland
t20s0124,Netherlands
t20s0125,England
t20s0125,Pakistan
t20s0126,England
t20s0126,Pakistan
t20s0127,Australia
t20s0127,West Indies
t20s0128,Australia
t20s0128,West Indies
t20s0129,New Zealand
t20s0129,Australia
t20s0130,West Indies
t20s0130,Zimbabwe
t20s0131,New Zealand
t20s0131,Australia
t20s0132,New Zealand
t20s0132,Sri Lanka
t20s0133,West Indies
t20s0133,Ireland
t20s0134,Bangladesh
t20s0134,Pakistan
t20s0135,Afghanistan
t20s0135,India
t20s0136,Australia
t20s0136,Pakistan
t20s0137,India
t20s0137,South Africa
t20s0138,Sri Lanka
t20s0138,Zimbabwe
t20s0139,West Indies
t20s0139,England
t20s0140,New Zealand
t20s0140,Zimbabwe
t20s0141,England
t20s0141,Ireland
t20s0142,Australia
t20s0142,Bangladesh
t20s0143,Afghanistan
t20s0143,South Africa
t20s0144,New Zealand
t20s0144,South Africa
t20s0145,England
t20s0145,Pakistan
t20s0146,West Indies
t20s0146,Sri Lanka
t20s0147,Australia
t20s0147,India
t20s0148,England
t20s0148,South Africa
t20s0149,New Zealand
t20s0149,Pakistan
t20s0150,Australia
t20s0150,Sri Lanka
t20s0151,West Indies
t20s0151,India
t20s0152,England
t20s0152,New Zealand
t20s0153,Pakistan
t20s0153,South Africa
t20s0154,West Indies
t20s0154,Australia
t20s0155,India
t20s0155,Sri Lanka
t20s0156,Australia
t20s0156,India
t20s0157,England
t20s0157,Sri Lanka
t20s0158,West Indies
t20s0158,New Zealand
t20s0159,Australia
t20s0159,Pakistan
t20s0160,Australia
t20s0160,New Zealand
t20s0161,Australia
t20s0161,England
t20s0162,West Indies
t20s0162,South Africa
t20s0163,West Indies
t20s0163,South Africa
t20s0164,New Zealand
t20s0164,Sri Lanka
t20s0165,New Zealand
t20s0165,Sri Lanka
t20s0166,Zimbabwe
t20s0166,India
t20s0167,Zimbabwe
t20s0167,India
t20s0168,Australia
t20s0168,Pakistan
t20s0169,Australia
t20s0169,Pakistan
t20s0170,England
t20s0170,Pakistan
t20s0171,England
t20s0171,Pakistan
t20s0172,South Africa
t20s0172,Zimbabwe
t20s0173,South Africa
t20s0173,Zimbabwe
t20s0174,Pakistan
t20s0174,South Africa
t20s0175,Pakistan
t20s0175,South Africa
t20s0176,Australia
t20s0176,Sri Lanka
t20s0177,New Zealand
t20s0177,Pakistan
t20s0178,New Zealand
t20s0178,Pakistan
t20s0179,New Zealand
t20s0179,Australia
t20s0180,New Zealand
t20s0180,Pakistan
t20s0181,South Africa
t20s0181,India
t20s0182,Australia
t20s0182,England
t20s0183,Australia
t20s0183,England
t20s0184,West Indies
t20s0184,Pakistan
t20s0185,West Indies
t20s0185,India
t20s0186,England
t20s0186,Sri Lanka
t20s0187,England
t20s0187,India
t20s0188,Sri Lanka
t20s0188,Australia
t20s0189,Sri Lanka
t20s0189,Australia
t20s0190,England
t20s0190,India
t20s0191,Zimbabwe
t20s0191,Pakistan
t20s0192,Zimbabwe
t20s0192,Pakistan
t20s0193,England
t20s0193,West Indies
t20s0194,England
t20s0194,West Indies
t20s0195,Bangladesh
t20s0195,West Indies
t20s0196,South Africa
t20s0196,Australia
t20s0197,Zimbabwe
t20s0197,New Zealand
t20s0198,South Africa
t20s0198,Australia
t20s0199,Zimbabwe
t20s0199,New Zealand
t20s0200,South Africa
t20s0200,England
t20s0201,India
t20s0201,England
t20s0202,Pakistan
t20s0202,Sri Lanka
t20s0203,Bangladesh
t20s0203,Pakistan
t20s0204,Australia
t20s0204,India
t20s0205,Australia
t20s0205,India
t20s0206,New Zealand
t20s0206,Zimbabwe
t20s0207,New Zealand
t20s0207,Zimbabwe
t20s0208,New Zealand
t20s0208,England
t20s0209,New Zealand
t20s0209,South Africa
t20s0210,New Zealand
t20s0210,England
t20s0211,New Zealand
t20s0211,South Africa
t20s0212,Kenya
t20s0212,Ireland
t20s0213,New Zealand
t20s0213,England
t20s0214,New Zealand
t20s0214,South Africa
t20s0215,Kenya
t20s0215,Ireland
t20s0216,England
t20s0216,Pakistan
t20s0217,Kenya
t20s0217,Ireland
t20s0218,England
t20s0218,Pakistan
t20s0219,England
t20s0219,Pakistan
t20s0220,Canada
t20s0220,Netherlands
t20s0221,Afghanistan
t20s0221,Netherlands
t20s0222,Ireland
t20s0222,Kenya
t20s0223,Afghanistan
t20s0223,Canada
t20s0224,Ireland
t20s0224,Scotland
t20s0225,Canada
t20s0225,Ireland
t20s0226,Canada
t20s0226,Scotland
t20s0227,Ireland
t20s0227,Netherlands
t20s0228,Afghanistan
t20s0228,Ireland
t20s0229,West Indies
t20s0229,Australia
t20s0230,South Africa
t20s0230,India
t20s0231,West Indies
t20s0231,Australia
t20s0232,Sri Lanka
t20s0232,Pakistan
t20s0233,Sri Lanka
t20s0233,Pakistan
t20s0234,England
t20s0234,West Indies
t20s0235,England
t20s0235,India
t20s0236,England
t20s0236,India
t20s0237,New Zealand
t20s0237,West Indies
t20s0238,New Zealand
t20s0238,West Indies
t20s0239,Ireland
t20s0239,Bangladesh
t20s0240,Netherlands
t20s0240,Bangladesh
t20s0241,Netherlands
t20s0241,Bangladesh
t20s0242,Sri Lanka
t20s0242,India
t20s0243,England
t20s0243,Pakistan
t20s0244,Australia
t20s0244,Pakistan
t20s0245,England
t20s0245,Pakistan
t20s0246,Australia
t20s0246,Pakistan
t20s0247,England
t20s0247,West Indies
t20s0248,England
t20s0248,South Africa
t20s0249,Australia
t20s0249,Pakistan
t20s0250,England
t20s0250,West Indies
t20s0251,England
t20s0251,South Africa
t20s0252,India
t20s0252,New Zealand
t20s0253,England
t20s0253,South Africa
t20s0254,England
t20s0254,West Indies
t20s0255,England
t20s0255,West Indies
t20s0256,England
t20s0256,West Indies
t20s0257,Sri Lanka
t20s0257,Zimbabwe
t20s0258,Afghanistan
t20s0258,India
t20s0259,Australia
t20s0259,Ireland
t20s0260,South Africa
t20s0260,Zimbabwe
t20s0261,Afghanistan
t20s0261,England
t20s0262,Bangladesh
t20s0262,New Zealand
t20s0263,Australia
t20s0263,West Indies
t20s0264,Sri Lanka
t20s0264,South Africa
t20s0265,England
t20s0265,India
t20s0266,New Zealand
t20s0266,Pakistan
t20s0267,Ireland
t20s0267,West Indies
t20s0268,Bangladesh
t20s0268,Pakistan
t20s0269,New Zealand
t20s0269,West Indies
t20s0270,Sri Lanka
t20s0270,South Africa
t20s0271,Australia
t20s0271,India
t20s0272,England
t20s0272,Pakistan
t20s0273,England
t20s0273,West Indies
t20s0274,Sri Lanka
t20s0274,New Zealand
t20s0275,Sri Lanka
t20s0275,West Indies
t20s0276,New Zealand
t20s0276,South Africa
t20s0277,Australia
t20s0277,India
t20s0278,Pakistan
t20s0278,South Africa
t20s0279,England
t20s0279,India
t20s0280,Australia
t20s0280,Pakistan
t20s0281,Sri Lanka
t20s0281,West Indies
t20s0282,England
t20s0282,New Zealand
t20s0283,Sri Lanka
t20s0283,New Zealand
t20s0284,South Africa
t20s0284,West Indies
t20s0285,India
t20s0285,Pakistan
t20s0286,Australia
t20s0286,South Africa
t20s0287,Australia
t20s0287,England
t20s0288,India
t20s0288,Pakistan
t20s0289,Sri Lanka
t20s0289,England
t20s0290,New Zealand
t20s0290,West Indies
t20s0291,India
t20s0291,South Africa
t20s0292,Australia
t20s0292,Pakistan
t20s0293,Sri Lanka
t20s0293,India
t20s0294,England
t20s0294,New Zealand
t20s0295,Sri Lanka
t20s0295,Pakistan
t20s0296,Australia
t20s0296,West Indies
t20s0297,Australia
t20s0297,West Indies
t20s0298,Australia
t20s0298,England
t20s0299,Sri Lanka
t20s0299,West Indies
t20s0300,India
t20s0300,Pakistan
t20s0301,Bangladesh
t20s0301,Sri Lanka
t20s0302,Bangladesh
t20s0302,Pakistan
t20s0303,Sri Lanka
t20s0303,New Zealand
t20s0304,India
t20s0304,Pakistan
t20s0305,Bangladesh
t20s0305,West Indies
t20s0306,India
t20s0306,England
t20s0307,South Africa
t20s0307,New Zealand
t20s0308,India
t20s0308,England
t20s0309,South Africa
t20s0309,New Zealand
t20s0310,India
t20s0310,Pakistan
t20s0311,South Africa
t20s0311,New Zealand
t20s0312,India
t20s0312,Pakistan
t20s0313,West Indies
t20s0313,South Africa
t20s0314,West Indies
t20s0314,South Africa
t20s0315,Australia
t20s0315,Sri Lanka
t20s0316,Australia
t20s0316,Sri Lanka
t20s0317,New Zealand
t20s0317,England
t20s0318,New Zealand
t20s0318,England
t20s0319,Australia
t20s0319,West Indies
t20s0320,New Zealand
t20s0320,England
t20s0321,West Indies
t20s0321,Zimbabwe
t20s0322,Sri Lanka
t20s0322,West Indies
t20s0323,West Indies
t20s0323,Zimbabwe
t20s0324,Afghanistan
t20s0324,Scotland
t20s0325,South Africa
t20s0325,Pakistan
t20s0326,Afghanistan
t20s0326,Scotland
t20s0327,Sri Lanka
t20s0327,West Indies
t20s0328,Sri Lanka
t20s0328,West Indies
t20s0329,Canada
t20s0329,Kenya
t20s0330,Canada
t20s0330,Kenya
t20s0331,Sri Lanka
t20s0331,Bangladesh
t20s0332,Kenya
t20s0332,Netherlands
t20s0333,Kenya
t20s0333,Netherlands
t20s0334,Zimbabwe
t20s0334,Bangladesh
t20s0335,Zimbabwe
t20s0335,Bangladesh
t20s0336,England
t20s0336,New Zealand
t20s0337,England
t20s0337,New Zealand
t20s0338,England
t20s0338,Pakistan
t20s0339,England
t20s0339,Pakistan
t20s0340,Ireland
t20s0340,Pakistan
t20s0341,West Indies
t20s0341,Pakistan
t20s0342,West Indies
t20s0342,Pakistan
t20s0343,Ireland
t20s0343,Pakistan
t20s0344,Pakistan
t20s0344,Sri Lanka
t20s0345,Sri Lanka
t20s0345,South Africa
t20s0346,Sri Lanka
t20s0346,South Africa
t20s0347,Sri Lanka
t20s0347,South Africa
t20s0348,Zimbabwe
t20s0348,Pakistan
t20s0349,Zimbabwe
t20s0349,Pakistan
t20s0350,England
t20s0350,Australia
t20s0351,England
t20s0351,Australia
t20s0352,England
t20s0352,Australia
t20s0353,England
t20s0353,Australia
t20s0354,England
t20s0354,Australia
t20s0355,South Africa
t20s0355,Bangladesh
t20s0356,South Africa
t20s0356,Bangladesh
t20s0357,Afghanistan
t20s0357,Kenya
t20s0358,India
t20s0358,Australia
t20s0359,Afghanistan
t20s0359,Kenya
t20s0360,South Africa
t20s0360,Sri Lanka
t20s0361,South Africa
t20s0361,Sri Lanka
t20s0362,South Africa
t20s0362,Sri Lanka
t20s0363,Bangladesh
t20s0363,New Zealand
t20s0364,Pakistan
t20s0364,South Africa
t20s0365,Afghanistan
t20s0365,Netherlands
t20s0366,Pakistan
t20s0366,South Africa
t20s0367,Afghanistan
t20s0367,Scotland
t20s0368,Canada
t20s0368,Ireland
t20s0369,Kenya
t20s0369,Scotland
t20s0370,South Africa
t20s0370,Pakistan
t20s0371,Sri Lanka
t20s0371,New Zealand
t20s0372,South Africa
t20s0372,Pakistan
t20s0373,Netherlands
t20s0373,Scotland
t20s0374,Kenya
t20s0374,Netherlands
t20s0375,Afghanistan
t20s0375,Kenya
t20s0376,Canada
t20s0376,Kenya
t20s0377,Netherlands
t20s0377,Scotland
t20s0378,Afghanistan
t20s0378,Ireland
t20s0379,Afghanistan
t20s0379,Pakistan
t20s0380,Pakistan
t20s0380,Sri Lanka
t20s0381,Pakistan
t20s0381,Sri Lanka
t20s0382,New Zealand
t20s0382,West Indies
t20s0383,New Zealand
t20s0383,West Indies
t20s0384,Ireland
t20s0384,Pakistan
t20s0385,Pakistan
t20s0385,South Africa
t20s0386,Ireland
t20s0386,South Africa
t20s0387,Pakistan
t20s0387,South Africa
t20s0388,Australia
t20s0388,England
t20s0389,Australia
t20s0389,England
t20s0390,Australia
t20s0390,England
t20s0391,Australia
t20s0391,England
t20s0392,Australia
t20s0392,England
t20s0393,Bangladesh
t20s0393,Sri Lanka
t20s0394,Bangladesh
t20s0394,Sri Lanka
t20s0395,West Indies
t20s0395,Ireland
t20s0396,West Indies
t20s0396,Ireland
t20s0397,West Indies
t20s0397,England
t20s0398,West Indies
t20s0398,England
t20s0399,South Africa
t20s0399,Australia
t20s0400,West Indies
t20s0400,England
t20s0401,South Africa
t20s0401,Australia
t20s0402,Hong Kong
t20s0402,Nepal
t20s0403,Bangladesh
t20s0403,Afghanistan
t20s0404,Netherlands
t20s0404,United Arab Emirates
t20s0405,Ireland
t20s0405,Zimbabwe
t20s0406,Bangladesh
t20s0406,Nepal
t20s0407,Afghanistan
t20s0407,Hong Kong
t20s0408,Ireland
t20s0408,United Arab Emirates
t20s0409,Netherlands
t20s0409,Zimbabwe
t20s0410,Bangladesh
t20s0410,Hong Kong
t20s0411,Afghanistan
t20s0411,Nepal
t20s0412,India
t20s0412,Pakistan
t20s0413,Ireland
t20s0413,Netherlands
t20s0414,United Arab Emirates
t20s0414,Zimbabwe
t20s0415,England
t20s0415,New Zealand
t20s0416,South Africa
t20s0416,Sri Lanka
t20s0417,Australia
t20s0417,New Zealand
t20s0418,India
t20s0418,West Indies
t20s0419,Australia
t20s0419,Pakistan
t20s0420,India
t20s0420,Sri Lanka
t20s0421,England
t20s0421,West Indies
t20s0422,Netherlands
t20s0422,Sri Lanka
t20s0423,New Zealand
t20s0423,South Africa
t20s0424,Ireland
t20s0424,New Zealand
t20s0425,Bangladesh
t20s0425,West Indies
t20s0426,England
t20s0426,India
t20s0427,Bangladesh
t20s0427,West Indies
t20s0428,New Zealand
t20s0428,Pakistan
t20s0429,England
t20s0429,Sri Lanka
t20s0430,Netherlands
t20s0430,South Africa
t20s0431,Sri Lanka
t20s0431,West Indies
t20s0432,Bangladesh
t20s0432,India
t20s0433,Australia
t20s0433,West Indies
t20s0434,Australia
t20s0434,Pakistan
t20s0435,Ireland
t20s0435,South Africa
t20s0436,England
t20s0436,South Africa
t20s0437,Netherlands
t20s0437,New Zealand
t20s0438,England
t20s0438,Sri Lanka
t20s0439,Bangladesh
t20s0439,India
t20s0440,Australia
t20s0440,India
t20s0441,Bangladesh
t20s0441,Pakistan
t20s0442,New Zealand
t20s0442,South Africa
t20s0443,Ireland
t20s0443,Pakistan
t20s0444,New Zealand
t20s0444,Sri Lanka
t20s0445,England
t20s0445,Netherlands
t20s0446,India
t20s0446,West Indies
t20s0447,Bangladesh
t20s0447,Sri Lanka
t20s0448,Pakistan
t20s0448,West Indies
t20s0449,Bangladesh
t20s0449,Australia
t20s0450,India
t20s0450,Pakistan
t20s0451,New Zealand
t20s0451,Sri Lanka
t20s0452,Bangladesh
t20s0452,Ireland
t20s0453,Pakistan
t20s0453,Sri Lanka
t20s0454,Australia
t20s0454,West Indies
t20s0455,Sri Lanka
t20s0455,West Indies
t20s0456,England
t20s0456,South Africa
t20s0457,India
t20s0457,South Africa
t20s0458,Australia
t20s0458,England
t20s0459,India
t20s0459,Sri Lanka
t20s0460,England
t20s0460,Sri Lanka
t20s0461,West Indies
t20s0461,New Zealand
t20s0462,West Indies
t20s0462,New Zealand
t20s0463,West Indies
t20s0463,Bangladesh
t20s0464,Australia
t20s0464,Pakistan
t20s0465,Australia
t20s0465,Pakistan
t20s0466,England
t20s0466,South Africa
t20s0467,Australia
t20s0467,Pakistan
t20s0468,England
t20s0468,South Africa
t20s0469,Australia
t20s0469,Pakistan
t20s0470,England
t20s0470,South Africa
t20s0471,England
t20s0471,India
t20s0472,Australia
t20s0472,Pakistan
t20s0473,Sri Lanka
t20s0473,South Africa
t20s0474,Sri Lanka
t20s0474,South Africa
t20s0475,Sri Lanka
t20s0475,South Africa
t20s0476,Australia
t20s0476,West Indies
t20s0477,Australia
t20s0477,South Africa
t20s0478,Australia
t20s0478,West Indies
t20s0479,Australia
t20s0479,South Africa
t20s0480,Australia
t20s0480,South Africa
t20s0481,Hong Kong
t20s0481,Nepal
t20s0482,New Zealand
t20s0482,Pakistan
t20s0483,New Zealand
t20s0483,Pakistan
t20s0484,South Africa
t20s0484,West Indies
t20s0485,South Africa
t20s0485,West Indies
t20s0486,South Africa
t20s0486,West Indies
t20s0487,Pakistan
t20s0487,Sri Lanka
t20s0488,Pakistan
t20s0488,Sri Lanka
t20s0489,Pakistan
t20s0489,South Africa
t20s0490,Pakistan
t20s0490,South Africa
t20s0491,Pakistan
t20s0491,South Africa
t20s0492,Bangladesh
t20s0492,Pakistan
t20s0493,Pakistan
t20s0493,Zimbabwe
t20s0494,Sri Lanka
t20s0494,West Indies
t20s0495,Pakistan
t20s0495,Zimbabwe
t20s0496,Sri Lanka
t20s0496,West Indies
t20s0497,Sri Lanka
t20s0497,West Indies
t20s0498,Ireland
t20s0498,Scotland
t20s0499,England
t20s0499,New Zealand
t20s0500,Netherlands
t20s0500,Nepal
t20s0501,Netherlands
t20s0501,Nepal
t20s0502,Bangladesh
t20s0502,South Africa
t20s0503,Bangladesh
t20s0503,South Africa
t20s0504,Afghanistan
t20s0504,Netherlands
t20s0505,Scotland
t20s0505,United Arab Emirates
t20s0506,Afghanistan
t20s0506,United Arab Emirates
t20s0507,Scotland
t20s0507,Netherlands
t20s0508,Scotland
t20s0508,Afghanistan
t20s0509,Netherlands
t20s0509,United Arab Emirates
t20s0510,Nepal
t20s0510,Ireland
t20s0511,Hong Kong
t20s0511,Nepal
t20s0512,Ireland
t20s0512,Papua New Guinea
t20s0513,Zimbabwe
t20s0513,India
t20s0514,Ireland
t20s0514,Hong Kong
t20s0515,Nepal
t20s0515,Papua New Guinea
t20s0516,Zimbabwe
t20s0516,India
t20s0517,Afghanistan
t20s0517,Hong Kong
t20s0518,Afghanistan
t20s0518,Papua New Guinea
t20s0519,Ireland
t20s0519,Netherlands
t20s0520,Afghanistan
t20s0520,Oman
t20s0521,Hong Kong
t20s0521,Scotland
t20s0522,Sri Lanka
t20s0522,Pakistan
t20s0523,Sri Lanka
t20s0523,Pakistan
t20s0524,Zimbabwe
t20s0524,New Zealand
t20s0525,South Africa
t20s0525,New Zealand
t20s0526,South Africa
t20s0526,New Zealand
t20s0527,Ireland
t20s0527,Australia
t20s0528,Ireland
t20s0528,Australia
t20s0529,Ireland
t20s0529,Australia
t20s0530,England
t20s0530,Australia
t20s0531,England
t20s0531,Australia
t20s0532,England
t20s0532,Australia
t20s0533,England
t20s0533,Australia
t20s0534,Zimbabwe
t20s0534,Pakistan
t20s0535,Zimbabwe
t20s0535,Pakistan
t20s0536,Pakistan
t20s0536,Bangladesh
t20s0537,Pakistan
t20s0537,Bangladesh
t20s0538,India
t20s0538,South Africa
t20s0539,India
t20s0539,South Africa
t20s0540,Zimbabwe
t20s0540,Afghanistan
t20s0541,Zimbabwe
t20s0541,Afghanistan
t20s0542,West Indies
t20s0542,Pakistan
t20s0543,Sri Lanka
t20s0543,West Indies
t20s0544,Sri Lanka
t20s0544,West Indies
t20s0545,Bangladesh
t20s0545,Zimbabwe
t20s0546,Bangladesh
t20s0546,Zimbabwe
t20s0547,Hong Kong
t20s0547,Oman
t20s0548,United Arab Emirates
t20s0548,Oman
t20s0549,Hong Kong
t20s0549,Oman
t20s0550,Hong Kong
t20s0550,Oman
t20s0551,England
t20s0551,Pakistan
t20s0552,England
t20s0552,Pakistan
t20s0553,Afghanistan
t20s0553,Oman
t20s0554,England
t20s0554,Pakistan
t20s0555,Bangladesh
t20s0555,Ireland
t20s0556,New Zealand
t20s0556,Sri Lanka
t20s0557,Afghanistan
t20s0557,Zimbabwe
t20s0558,Afghanistan
t20s0558,Zimbabwe
t20s0559,New Zealand
t20s0559,Sri Lanka
t20s0560,Bangladesh
t20s0560,Zimbabwe
t20s0561,New Zealand
t20s0561,Pakistan
t20s0562,Bangladesh
t20s0562,Zimbabwe
t20s0563,New Zealand
t20s0563,Pakistan
t20s0564,Bangladesh
t20s0564,Zimbabwe
t20s0565,Bangladesh
t20s0565,Zimbabwe
t20s0566,New Zealand
t20s0566,Pakistan
t20s0567,Australia
t20s0567,India
t20s0568,Australia
t20s0568,India
t20s0569,Australia
t20s0569,India
t20s0570,Hong Kong
t20s0570,Scotland
t20s0571,Hong Kong
t20s0571,Scotland
t20s0572,Australia
t20s0572,India
t20s0573,Australia
t20s0573,India
t20s0574,United Arab Emirates
t20s0574,Netherlands
t20s0575,United Arab Emirates
t20s0575,Scotland
t20s0576,Ireland
t20s0576,Papua New Guinea
t20s0577,India
t20s0577,Sri Lanka
t20s0578,Ireland
t20s0578,Papua New Guinea
t20s0579,India
t20s0579,Sri Lanka
t20s0580,India
t20s0580,Sri Lanka
t20s0581,United Arab Emirates
t20s0581,Ireland
t20s0582,United Arab Emirates
t20s0582,Ireland
t20s0583,South Africa
t20s0583,England
t20s0584,Hong Kong
t20s0584,Oman
t20s0585,Afghanistan
t20s0585,United Arab Emirates
t20s0586,South Africa
t20s0586,England
t20s0587,Afghanistan
t20s0587,Oman
t20s0588,Hong Kong
t20s0588,United Arab Emirates
t20s0589,South Africa
t20s0589,England
t20s0590,South Africa
t20s0590,England
t20s0591,Oman
t20s0591,United Arab Emirates
t20s0592,Afghanistan
t20s0592,Hong Kong
t20s0593,India
t20s0593,Bangladesh
t20s0594,Sri Lanka
t20s0594,United Arab Emirates
t20s0595,Bangladesh
t20s0595,United Arab Emirates
t20s0596,India
t20s0596,Pakistan
t20s0597,Bangladesh
t20s0597,Sri Lanka
t20s0598,Pakistan
t20s0598,United Arab Emirates
t20s0599,India
t20s0599,Sri Lanka
t20s0600,Bangladesh
t20s0600,Pakistan
t20s0601,India
t20s0601,United Arab Emirates
t20s0602,Pakistan
t20s0602,Sri Lanka
t20s0603,South Africa
t20s0603,West Indies
t20s0604,South Africa
t20s0604,Australia
t20s0605,Bangladesh
t20s0605,India
t20s0606,South Africa
t20s0606,Australia
t20s0607,Afghanistan
t20s0607,Scotland
t20s0608,Hong Kong
t20s0608,Zimbabwe
t20s0609,Ireland
t20s0609,Oman
t20s0610,Bangladesh
t20s0610,Netherlands
t20s0611,South Africa
t20s0611,West Indies
t20s0612,South Africa
t20s0612,Australia
t20s0613,Afghanistan
t20s0613,Hong Kong
t20s0614,Scotland
t20s0614,Zimbabwe
t20s0615,Bangladesh
t20s0615,Ireland
t20s0616,Hong Kong
t20s0616,Scotland
t20s0617,Afghanistan
t20s0617,Zimbabwe
t20s0618,Bangladesh
t20s0618,Oman
t20s0619,Ireland
t20s0619,Netherlands
t20s0620,New Zealand
t20s0620,Sri Lanka
t20s0621,India
t20s0621,Bangladesh
t20s0622,India
t20s0622,New Zealand
t20s0623,Pakistan
t20s0623,West Indies
t20s0624,Bangladesh
t20s0624,Pakistan
t20s0625,England
t20s0625,West Indies
t20s0626,Bangladesh
t20s0626,England
t20s0627,Afghanistan
t20s0627,Sri Lanka
t20s0628,Australia
t20s0628,South Africa
t20s0629,Ireland
t20s0629,New Zealand
t20s0630,England
t20s0630,South Africa
t20s0631,Australia
t20s0631,New Zealand
t20s0632,India
t20s0632,Pakistan
t20s0633,India
t20s0633,Pakistan
t20s0634,Sri Lanka
t20s0634,Ireland
t20s0635,Bangladesh
t20s0635,West Indies
t20s0636,Sri Lanka
t20s0636,West Indies
t20s0637,Afghanistan
t20s0637,South Africa
t20s0638,Australia
t20s0638,New Zealand
t20s0639,Australia
t20s0639,Bangladesh
t20s0640,India
t20s0640,England
t20s0641,New Zealand
t20s0641,Pakistan
t20s0642,Ireland
t20s0642,South Africa
t20s0643,India
t20s0643,Bangladesh
t20s0644,Afghanistan
t20s0644,England
t20s0645,Bangladesh
t20s0645,Pakistan
t20s0646,Australia
t20s0646,Sri Lanka
t20s0647,England
t20s0647,West Indies
t20s0648,South Africa
t20s0648,West Indies
t20s0649,Australia
t20s0649,Pakistan
t20s0650,New Zealand
t20s0650,South Africa
t20s0651,Australia
t20s0651,Ireland
t20s0652,England
t20s0652,Sri Lanka
t20s0653,Bangladesh
t20s0653,New Zealand
t20s0654,England
t20s0654,Pakistan
t20s0655,India
t20s0655,West Indies
t20s0656,Afghanistan
t20s0656,West Indies
t20s0657,India
t20s0657,Australia
t20s0658,South Africa
t20s0658,Sri Lanka
t20s0659,South Africa
t20s0659,Sri Lanka
t20s0660,Australia
t20s0660,England
t20s0661,England
t20s0661,New Zealand
t20s0662,New Zealand
t20s0662,West Indies
t20s0663,India
t20s0663,West Indies
t20s0664,Australia
t20s0664,West Indies
t20s0665,England
t20s0665,West Indies
t20s0666,Zimbabwe
t20s0666,India
t20s0667,Zimbabwe
t20s0667,India
t20s0668,Zimbabwe
t20s0668,India
t20s0669,England
t20s0669,Pakistan
t20s0670,England
t20s0670,Pakistan
t20s0671,England
t20s0671,Sri Lanka
t20s0672,England
t20s0672,Pakistan
t20s0673,India
t20s0673,West Indies
t20s0674,India
t20s0674,West Indies
t20s0675,Ireland
t20s0675,Bangladesh
t20s0676,Ireland
t20s0676,Hong Kong
t20s0677,Sri Lanka
t20s0677,Australia
t20s0678,England
t20s0678,Pakistan
t20s0679,Sri Lanka
t20s0679,Australia
t20s0680,Pakistan
t20s0680,West Indies
t20s0681,Pakistan
t20s0681,West Indies
t20s0682,Pakistan
t20s0682,West Indies
t20s0683,Sri Lanka
t20s0683,Australia
t20s0684,New Zealand
t20s0684,Pakistan
t20s0685,India
t20s0685,Pakistan
t20s0686,United Arab Emirates
t20s0686,Afghanistan
t20s0687,United Arab Emirates
t20s0687,Afghanistan
t20s0688,United Arab Emirates
t20s0688,Afghanistan
t20s0689,New Zealand
t20s0689,Bangladesh
t20s0690,New Zealand
t20s0690,Bangladesh
t20s0691,New Zealand
t20s0691,Bangladesh
t20s0692,Afghanistan
t20s0692,Ireland
t20s0693,Hong Kong
t20s0693,Scotland
t20s0694,Netherlands
t20s0694,Oman
t20s0695,United Arab Emirates
t20s0695,Afghanistan
t20s0696,Hong Kong
t20s0696,Oman
t20s0697,Netherlands
t20s0697,Scotland
t20s0698,Hong Kong
t20s0698,Netherlands
t20s0699,United Arab Emirates
t20s0699,Ireland
t20s0700,Oman
t20s0700,Scotland
t20s0701,South Africa
t20s0701,Sri Lanka
t20s0702,Afghanistan
t20s0702,Ireland
t20s0703,Ireland
t20s0703,Scotland
t20s0704,Afghanistan
t20s0704,Oman
t20s0705,South Africa
t20s0705,Sri Lanka
t20s0706,South Africa
t20s0706,Sri Lanka
t20s0707,India
t20s0707,England
t20s0708,India
t20s0708,England
t20s0709,India
t20s0709,England
t20s0710,Australia
t20s0710,New Zealand
t20s0711,New Zealand
t20s0711,South Africa
t20s0712,Australia
t20s0712,Sri Lanka
t20s0713,Australia
t20s0713,New Zealand
t20s0714,Australia
t20s0714,Sri Lanka
t20s0715,Australia
t20s0715,New Zealand
t20s0716,Australia
t20s0716,Sri Lanka
t20s0717,Afghanistan
t20s0717,Ireland
t20s0718,Afghanistan
t20s0718,Ireland
t20s0719,Afghanistan
t20s0719,Ireland
t20s0720,West Indies
t20s0720,Pakistan
t20s0721,West Indies
t20s0721,Pakistan
t20s0722,West Indies
t20s0722,Pakistan
t20s0723,West Indies
t20s0723,Pakistan
t20s0724,Sri Lanka
t20s0724,Bangladesh
t20s0725,Sri Lanka
t20s0725,Bangladesh
t20s0726,United Arab Emirates
t20s0726,Papua New Guinea
t20s0727,United Arab Emirates
t20s0727,Papua New Guinea
t20s0728,United Arab Emirates
t20s0728,Papua New Guinea
t20s0729,West Indies
t20s0729,Afghanistan
t20s0730,West Indies
t20s0730,Afghanistan
t20s0731,West Indies
t20s0731,Afghanistan
t20s0732,England
t20s0732,South Africa
t20s0733,England
t20s0733,South Africa
t20s0734,England
t20s0734,South Africa
t20s0735,West Indies
t20s0735,India
t20s0736,Sri Lanka
t20s0736,India
t20s0737,Pakistan
t20s0737,ICC World XI
t20s0738,Pakistan
t20s0738,ICC World XI
t20s0739,Pakistan
t20s0739,ICC World XI
t20s0740,West Indies
t20s0740,England
t20s0741,Australia
t20s0741,India
t20s0742,India
t20s0742,Australia
t20s0743,West Indies
t20s0743,Sri Lanka
t20s0744,Sri Lanka
t20s0744,Pakistan
t20s0745,South Africa
t20s0745,Bangladesh
t20s0746,Sri Lanka
t20s0746,Pakistan
t20s0747,Pakistan
t20s0747,Sri Lanka
t20s0748,South Africa
t20s0748,Bangladesh
t20s0749,India
t20s0749,New Zealand
t20s0750,New Zealand
t20s0750,India
t20s0751,India
t20s0751,New Zealand
t20s0752,New Zealand
t20s0752,Pakistan
t20s0753,New Zealand
t20s0753,Pakistan
t20s0754,Pakistan
t20s0754,New Zealand
t20s0755,England
t20s0755,Australia
t20s0756,England
t20s0756,Australia
t20s0757,Australia
t20s0757,England
t20s0758,India
t20s0758,Sri Lanka
t20s0759,India
t20s0759,Sri Lanka
t20s0760,Sri Lanka
t20s0760,India
t20s0761,New Zealand
t20s0761,West Indies
t20s0762,New Zealand
t20s0762,West Indies
t20s0763,New Zealand
t20s0763,West Indies
t20s0764,Pakistan
t20s0764,New Zealand
t20s0765,Pakistan
t20s0765,New Zealand
t20s0766,Pakistan
t20s0766,New Zealand
t20s0767,New Zealand
t20s0767,Australia
t20s0768,Zimbabwe
t20s0768,Afghanistan
t20s0769,Afghanistan
t20s0769,Zimbabwe
t20s0770,England
t20s0770,Australia
t20s0771,England
t20s0771,Australia
t20s0772,South Africa
t20s0772,India
t20s0773,New Zealand
t20s0773,England
t20s0774,Bangladesh
t20s0774,Sri Lanka
t20s0775,South Africa
t20s0775,India
t20s0776,New Zealand
t20s0776,Australia
t20s0777,Sri Lanka
t20s0777,Bangladesh
t20s0778,India
t20s0778,South Africa
t20s0779,India
t20s0779,South Africa
t20s0780,England
t20s0780,New Zealand
t20s0781,South Africa
t20s0781,India
t20s0782,India
t20s0782,South Africa
t20s0783,New Zealand
t20s0783,Australia
t20s0784,India
t20s0784,South Africa
t20s0785,India
t20s0785,South Africa
t20s0786,India
t20s0786,Sri Lanka
t20s0787,Bangladesh
t20s0787,India
t20s0788,Sri Lanka
t20s0788,Bangladesh
t20s0789,Sri Lanka
t20s0789,India
t20s0790,New Zealand
t20s0790,West Indies
t20s0791,India
t20s0791,Bangladesh
t20s0792,New Zealand
t20s0792,West Indies
t20s0793,Sri Lanka
t20s0793,Bangladesh
t20s0794,Bangladesh
t20s0794,India
t20s0795,New Zealand
t20s0795,West Indies
t20s0796,India
t20s0796,Australia
t20s0797,Australia
t20s0797,England
t20s0798,West Indies
t20s0798,New Zealand
t20s0799,India
t20s0799,England
t20s0800,Australia
t20s0800,India
t20s0801,Sri Lanka
t20s0801,Pakistan
t20s0802,England
t20s0802,Australia
t20s0803,England
t20s0803,India
t20s0804,Pakistan
t20s0804,Sri Lanka
t20s0805,Australia
t20s0805,England
t20s0806,Pakistan
t20s0806,West Indies
t20s0807,Pakistan
t20s0807,West Indies
t20s0808,West Indies
t20s0808,Pakistan
t20s0809,South Africa
t20s0809,Bangladesh
t20s0810,South Africa
t20s0810,Bangladesh
t20s0811,West Indies
t20s0811,ICC World XI
t20s0812,Thailand
t20s0812,Pakistan
t20s0813,India
t20s0813,Malaysia
t20s0814,Sri Lanka
t20s0814,Malaysia
t20s0815,India
t20s0815,Thailand
t20s0816,Pakistan
t20s0816,Bangladesh
t20s0817,Bangladesh
t20s0817,Afghanistan
t20s0818,India
t20s0818,Bangladesh
t20s0819,Malaysia
t20s0819,Thailand
t20s0820,Pakistan
t20s0820,Sri Lanka
t20s0821,Ireland
t20s0821,New Zealand
t20s0822,Sri Lanka
t20s0822,India
t20s0823,Pakistan
t20s0823,Malaysia
t20s0824,Thailand
t20s0824,Bangladesh
t20s0825,Afghanistan
t20s0825,Bangladesh
t20s0826,Bangladesh
t20s0826,Malaysia
t20s0827,Sri Lanka
t20s0827,Thailand
t20s0828,Pakistan
t20s0828,India
t20s0829,India
t20s0829,Bangladesh
t20s0830,Netherlands
t20s0830,Ireland
t20s0831,Pakistan
t20s0831,Scotland
t20s0832,Ireland
t20s0832,Netherlands
t20s0833,Pakistan
t20s0833,Scotland
t20s0834,Ireland
t20s0834,Scotland
t20s0835,Scotland
t20s0835,Ireland
t20s0836,Netherlands
t20s0836,Scotland
t20s0837,Scotland
t20s0837,Netherlands
t20s0838,England
t20s0838,South Africa
t20s0839,New Zealand
t20s0839,South Africa
t20s0840,England
t20s0840,New Zealand
t20s0841,England
t20s0841,South Africa
t20s0842,India
t20s0842,Ireland
t20s0843,England
t20s0843,Australia
t20s0844,Ireland
t20s0844,Bangladesh
t20s0845,New Zealand
t20s0845,England
t20s0846,South Africa
t20s0846,New Zealand
t20s0847,India
t20s0847,Ireland
t20s0848,Bangladesh
t20s0848,Ireland
t20s0849,Pakistan
t20s0849,Zimbabwe
t20s0850,New Zealand
t20s0850,England
t20s0851,Pakistan
t20s0851,Australia
t20s0852,Australia
t20s0852,Zimbabwe
t20s0853,England
t20s0853,India
t20s0854,Zimbabwe
t20s0854,Pakistan
t20s0855,Pakistan
t20s0855,Australia
t20s0856,Zimbabwe
t20s0856,Australia
t20s0857,India
t20s0857,England
t20s0858,Papua New Guinea
t20s0858,Bangladesh
t20s0859,Netherlands
t20s0859,United Arab Emirates
t20s0860,Uganda
t20s0860,Scotland
t20s0861,Thailand
t20s0861,Ireland
t20s0862,United Arab Emirates
t20s0862,Papua New Guinea
t20s0863,Netherlands
t20s0863,Bangladesh
t20s0864,Scotland
t20s0864,Ireland
t20s0865,Australia
t20s0865,Pakistan
t20s0866,England
t20s0866,India
t20s0867,Papua New Guinea
t20s0867,Netherlands
t20s0868,United Arab Emirates
t20s0868,Bangladesh
t20s0869,Uganda
t20s0869,Ireland
t20s0870,Scotland
t20s0870,Thailand
t20s0871,United Arab Emirates
t20s0871,Thailand
t20s0872,Bangladesh
t20s0872,Scotland
t20s0873,Netherlands
t20s0873,Uganda
t20s0874,Ireland
t20s0874,Papua New Guinea
t20s0875,Bangladesh
t20s0875,Ireland
t20s0876,Thailand
t20s0876,Uganda
t20s0877,Papua New Guinea
t20s0877,Scotland
t20s0878,Netherlands
t20s0878,United Arab Emirates
t20s0879,Netherlands
t20s0879,Nepal
t20s0880,Bangladesh
t20s0880,West Indies
t20s0881,Bangladesh
t20s0881,West Indies
t20s0882,Bangladesh
t20s0882,West Indies
t20s0883,South Africa
t20s0883,Sri Lanka
t20s0884,Malawi
t20s0884,Namibia
t20s0885,Botswana
t20s0885,Lesotho
t20s0886,Afghanistan
t20s0886,Ireland
t20s0887,Mozambique
t20s0887,Botswana
t20s0888,Mozambique
t20s0888,Lesotho
t20s0889,Sierra Leone
t20s0889,Namibia
t20s0890,Afghanistan
t20s0890,Ireland
t20s0891,Sierra Leone
t20s0891,Malawi
t20s0892,Mozambique
t20s0892,Namibia
t20s0893,Botswana
t20s0893,Sierra Leone
t20s0894,Botswana
t20s0894,Namibia
t20s0895,Sierra Leone
t20s0895,Lesotho
t20s0896,Sierra Leone
t20s0896,Namibia
t20s0897,Lesotho
t20s0897,Malawi
t20s0898,Sri Lanka
t20s0898,India
t20s0899,Sri Lanka
t20s0899,India
t20s0900,Sri Lanka
t20s0900,India
t20s0901,India
t20s0901,Sri Lanka
t20s0902,South Africa
t20s0902,West Indies
t20s0903,New Zealand
t20s0903,Australia
t20s0904,New Zealand
t20s0904,Australia
t20s0905,West Indies
t20s0905,South Africa
t20s0906,New Zealand
t20s0906,Australia
t20s0907,West Indies
t20s0907,South Africa
t20s0908,South Africa
t20s0908,Zimbabwe
t20s0909,Zimbabwe
t20s0909,South Africa
t20s0910,United Arab Emirates
t20s0910,Australia
t20s0911,Pakistan
t20s0911,Australia
t20s0912,Australia
t20s0912,Pakistan
t20s0913,Pakistan
t20s0913,Australia
t20s0914,Pakistan
t20s0914,Australia
t20s0915,England
t20s0915,Sri Lanka
t20s0916,Pakistan
t20s0916,Australia
t20s0917,Pakistan
t20s0917,Australia
t20s0918,Pakistan
t20s0918,New Zealand
t20s0919,New Zealand
t20s0919,Pakistan
t20s0920,West Indies
t20s0920,India
t20s0921,Pakistan
t20s0921,New Zealand
t20s0922,India
t20s0922,West Indies
t20s0923,West Indies
t20s0923,Bangladesh
t20s0924,Australia
t20s0924,Pakistan
t20s0925,India
t20s0925,New Zealand
t20s0926,West Indies
t20s0926,India
t20s0927,Ireland
t20s0927,Australia
t20s0928,Pakistan
t20s0928,India
t20s0929,Sri Lanka
t20s0929,South Africa
t20s0930,Bangladesh
t20s0930,England
t20s0931,Australia
t20s0931,New Zealand
t20s0932,Pakistan
t20s0932,Ireland
t20s0933,West Indies
t20s0933,South Africa
t20s0934,Sri Lanka
t20s0934,Bangladesh
t20s0935,New Zealand
t20s0935,Pakistan
t20s0936,India
t20s0936,Ireland
t20s0937,West Indies
t20s0937,Sri Lanka
t20s0938,South Africa
t20s0938,England
t20s0939,Ireland
t20s0939,New Zealand
t20s0940,India
t20s0940,Australia
t20s0941,South Africa
t20s0941,Australia
t20s0942,South Africa
t20s0942,Bangladesh
t20s0943,England
t20s0943,West Indies
t20s0944,Australia
t20s0944,India
t20s0945,India
t20s0945,England
t20s0946,Australia
t20s0946,West Indies
t20s0947,Australia
t20s0947,India
t20s0948,England
t20s0948,Australia
t20s0949,Australia
t20s0949,India
t20s0950,Bangladesh
t20s0950,West Indies
t20s0951,Bangladesh
t20s0951,West Indies
t20s0952,Bangladesh
t20s0952,West Indies
t20s0953,New Zealand
t20s0953,Sri Lanka
t20s0954,Pakistan
t20s0954,West Indies
t20s0955,United Arab Emirates
t20s0955,Nepal
t20s0956,Pakistan
t20s0956,West Indies
t20s0957,United Arab Emirates
t20s0957,Nepal
t20s0958,South Africa
t20s0958,Sri Lanka
t20s0959,South Africa
t20s0959,Pakistan
t20s0960,Pakistan
t20s0960,West Indies
t20s0961,United Arab Emirates
t20s0961,Nepal
t20s0962,South Africa
t20s0962,Pakistan
t20s0963,South Africa
t20s0963,Sri Lanka
t20s0964,New Zealand
t20s0964,India
t20s0965,New Zealand
t20s0965,India
t20s0966,South Africa
t20s0966,Pakistan
t20s0967,New Zealand
t20s0967,India
t20s0968,New Zealand
t20s0968,India
t20s0969,New Zealand
t20s0969,India
t20s0970,New Zealand
t20s0970,India
t20s0971,Oman
t20s0971,Ireland
t20s0972,Netherlands
t20s0972,Scotland
t20s0973,Ireland
t20s0973,Scotland
t20s0974,Oman
t20s0974,Netherlands
t20s0975,Oman
t20s0975,Scotland
t20s0976,Ireland
t20s0976,Netherlands
t20s0977,Hong Kong
t20s0977,United Arab Emirates
t20s0978,Kuwait
t20s0978,Malaysia
t20s0979,Thailand
t20s0979,China
t20s0980,Kuwait
t20s0980,United Arab Emirates
t20s0981,China
t20s0981,Hong Kong
t20s0982,Malaysia
t20s0982,Nepal
t20s0983,China
t20s0983,Kuwait
t20s0984,Thailand
t20s0984,Nepal
t20s0985,Malaysia
t20s0985,United Arab Emirates
t20s0986,Afghanistan
t20s0986,Ireland
t20s0987,China
t20s0987,Malaysia
t20s0988,Thailand
t20s0988,Hong Kong
t20s0989,Nepal
t20s0989,United Arab Emirates
t20s0990,Afghanistan
t20s0990,Ireland
t20s0991,Hong Kong
t20s0991,Nepal
t20s0992,Thailand
t20s0992,Kuwait
t20s0993,China
t20s0993,United Arab Emirates
t20s0994,India
t20s0994,Australia
t20s0995,Afghanistan
t20s0995,Ireland
t20s0996,Hong Kong
t20s0996,Kuwait
t20s0997,China
t20s0997,Nepal
t20s0998,Thailand
t20s0998,Malaysia
t20s0999,Thailand
t20s0999,United Arab Emirates
t20s1000,Kuwait
t20s1000,Nepal
t20s1001,India
t20s1001,Australia
t20s1002,India
t20s1002,England
t20s1003,West Indies
t20s1003,England
t20s1004,India
t20s1004,England
t20s1005,West Indies
t20s1005,England
t20s1006,India
t20s1006,England
t20s1007,West Indies
t20s1007,England
t20s1008,United Arab Emirates
t20s1008,United States of America
t20s1009,United Arab Emirates
t20s1009,United States of America
t20s1010,South Africa
t20s1010,Sri Lanka
t20s1011,Papua New Guinea
t20s1011,Vanuatu
t20s1012,Papua New Guinea
t20s1012,Philippines
t20s1013,South Africa
t20s1013,Sri Lanka
t20s1014,Papua New Guinea
t20s1014,Philippines
t20s1015,Philippines
t20s1015,Vanuatu
t20s1016,Papua New Guinea
t20s1016,Vanuatu
t20s1017,Philippines
t20s1017,Vanuatu
t20s1018,Sri Lanka
t20s1018,England
t20s1019,South Africa
t20s1019,Sri Lanka
t20s1020,Sri Lanka
t20s1020,England
t20s1021,Sri Lanka
t20s1021,England
t20s1022,Namibia
t20s1022,Botswana
t20s1023,Namibia
t20s1023,Botswana
t20s1024,Namibia
t20s1024,Botswana
t20s1025,Namibia
t20s1025,Botswana
t20s1026,Namibia
t20s1026,Botswana
t20s1027,Sierra Leone
t20s1027,Uganda
t20s1028,Zimbabwe
t20s1028,Mozambique
t20s1029,England
t20s1029,Pakistan
t20s1030,Indonesia
t20s1030,Papua New Guinea
t20s1031,Indonesia
t20s1031,Japan
t20s1032,Vanuatu
t20s1032,Papua New Guinea
t20s1033,Zimbabwe
t20s1033,Tanzania
t20s1034,Namibia
t20s1034,Uganda
t20s1035,Mozambique
t20s1035,Nigeria
t20s1036,Fiji
t20s1036,Papua New Guinea
t20s1037,Namibia
t20s1037,Sierra Leone
t20s1038,Kenya
t20s1038,Uganda
t20s1039,Mozambique
t20s1039,Rwanda
t20s1040,Japan
t20s1040,Papua New Guinea
t20s1041,Fiji
t20s1041,Japan
t20s1042,Vanuatu
t20s1042,Samoa
t20s1043,Zimbabwe
t20s1043,Rwanda
t20s1044,Papua New Guinea
t20s1044,Samoa
t20s1045,Vanuatu
t20s1045,Japan
t20s1046,Fiji
t20s1046,Indonesia
t20s1047,Rwanda
t20s1047,Tanzania
t20s1048,Zimbabwe
t20s1048,Nigeria
t20s1049,Zimbabwe
t20s1049,Namibia
t20s1050,South Africa
t20s1050,Pakistan
t20s1051,United States of America
t20s1051,Canada
t20s1052,South Africa
t20s1052,Pakistan
t20s1053,United States of America
t20s1053,Canada
t20s1054,South Africa
t20s1054,Pakistan
t20s1055,Uganda
t20s1055,Botswana
t20s1056,Ghana
t20s1056,Namibia
t20s1057,Botswana
t20s1057,Nigeria
t20s1058,Uganda
t20s1058,Namibia
t20s1059,Ghana
t20s1059,Kenya
t20s1060,Uganda
t20s1060,Kenya
t20s1061,Botswana
t20s1061,Namibia
t20s1062,Ghana
t20s1062,Nigeria
t20s1063,South Africa
t20s1063,Pakistan
t20s1064,Uganda
t20s1064,Ghana
t20s1065,South Africa
t20s1065,Pakistan
t20s1066,Germany
t20s1066,Italy
t20s1067,Ireland
t20s1067,West Indies
t20s1068,Ireland
t20s1068,West Indies
t20s1069,Ireland
t20s1069,West Indies
t20s1070,Guernsey
t20s1070,Germany
t20s1071,Jersey
t20s1071,Norway
t20s1072,Guernsey
t20s1072,Italy
t20s1073,Denmark
t20s1073,Jersey
t20s1074,Denmark
t20s1074,Norway
t20s1075,Tanzania
t20s1075,Uganda
t20s1076,Rwanda
t20s1076,Mali
t20s1077,Guernsey
t20s1077,Denmark
t20s1078,Rwanda
t20s1078,Uganda
t20s1079,Denmark
t20s1079,Germany
t20s1080,Italy
t20s1080,Jersey
t20s1081,Guernsey
t20s1081,Norway
t20s1082,Denmark
t20s1082,Italy
t20s1083,Guernsey
t20s1083,Denmark
t20s1084,Germany
t20s1084,Jersey
t20s1085,Germany
t20s1085,Norway
t20s1086,England
t20s1086,West Indies
t20s1087,Netherlands
t20s1087,Zimbabwe
t20s1088,Malaysia
t20s1088,Thailand
t20s1089,Netherlands
t20s1089,Zimbabwe
t20s1090,Netherlands
t20s1090,Scotland
t20s1091,Maldives
t20s1091,Thailand
t20s1092,Netherlands
t20s1092,Scotland
t20s1093,Germany
t20s1093,Netherlands
t20s1094,Malaysia
t20s1094,Thailand
t20s1095,Malaysia
t20s1095,Maldives
t20s1096,Germany
t20s1096,Scotland
t20s1097,Maldives
t20s1097,Thailand
t20s1098,Ireland
t20s1098,Zimbabwe
t20s1099,Malaysia
t20s1099,Nepal
t20s1100,Malaysia
t20s1100,Nepal
t20s1101,Ireland
t20s1101,Zimbabwe
t20s1102,Kuwait
t20s1102,Malaysia
t20s1103,Singapore
t20s1103,Qatar
t20s1104,Nepal
t20s1104,Qatar
t20s1105,Malaysia
t20s1105,Nepal
t20s1106,Singapore
t20s1106,Malaysia
t20s1107,Kuwait
t20s1107,Qatar
t20s1108,England
t20s1108,Australia
t20s1109,Malaysia
t20s1109,Qatar
t20s1110,Kuwait
t20s1110,Nepal
t20s1111,Singapore
t20s1111,Nepal
t20s1112,England
t20s1112,Australia
t20s1113,England
t20s1113,Australia
t20s1114,India
t20s1114,West Indies
t20s1115,India
t20s1115,West Indies
t20s1116,Netherlands
t20s1116,United Arab Emirates
t20s1117,West Indies
t20s1117,India
t20s1118,Netherlands
t20s1118,United Arab Emirates
t20s1119,Netherlands
t20s1119,Ireland
t20s1120,Ireland
t20s1120,Thailand
t20s1121,Netherlands
t20s1121,Scotland
t20s1122,Ireland
t20s1122,Scotland
t20s1123,Netherlands
t20s1123,Ireland
t20s1124,Scotland
t20s1124,Thailand
t20s1125,Netherlands
t20s1125,Scotland
t20s1126,Ireland
t20s1126,Thailand
t20s1127,Netherlands
t20s1127,Thailand
t20s1128,Ireland
t20s1128,Scotland
t20s1129,Canada
t20s1129,Cayman Islands
t20s1130,Bermuda
t20s1130,United States of America
t20s1131,Namibia
t20s1131,Botswana
t20s1132,Cayman Islands
t20s1132,United States of America
t20s1133,Bermuda
t20s1133,Canada
t20s1134,Namibia
t20s1134,Botswana
t20s1135,Canada
t20s1135,United States of America
t20s1136,Bermuda
t20s1136,Cayman Islands
t20s1137,Namibia
t20s1137,Botswana
t20s1138,United States of America
t20s1138,Bermuda
t20s1139,Canada
t20s1139,Cayman Islands
t20s1140,Namibia
t20s1140,Botswana
t20s1141,Cayman Islands
t20s1141,United States of America
t20s1142,Bermuda
t20s1142,Cayman Islands
t20s1143,Canada
t20s1143,United States of America
t20s1144,Singapore
t20s1144,Malaysia
t20s1145,Singapore
t20s1145,Malaysia
t20s1146,Singapore
t20s1146,Malaysia
t20s1147,Scotland
t20s1147,United States of America
t20s1148,Bangladesh
t20s1148,United States of America
t20s1149,Ireland
t20s1149,Netherlands
t20s1150,Scotland
t20s1150,Papua New Guinea
t20s1151,Namibia
t20s1151,Thailand
t20s1152,Sri Lanka
t20s1152,New Zealand
t20s1153,Bangladesh
t20s1153,Papua New Guinea
t20s1154,Papua New Guinea
t20s1154,United States of America
t20s1155,Scotland
t20s1155,Bangladesh
t20s1156,Namibia
t20s1156,Netherlands
t20s1157,Ireland
t20s1157,Thailand
t20s1158,Sri Lanka
t20s1158,New Zealand
t20s1159,Scotland
t20s1159,Namibia
t20s1160,Papua New Guinea
t20s1160,Thailand
t20s1161,Bangladesh
t20s1161,Ireland
t20s1162,Sri Lanka
t20s1162,New Zealand
t20s1163,Scotland
t20s1163,Netherlands
t20s1164,Bangladesh
t20s1164,Thailand
t20s1165,Namibia
t20s1165,United States of America
t20s1166,Ireland
t20s1166,Papua New Guinea
t20s1167,Rwanda
t20s1167,Nigeria
t20s1168,Bangladesh
t20s1168,Zimbabwe
t20s1169,West Indies
t20s1169,Australia
t20s1170,Afghanistan
t20s1170,Zimbabwe
t20s1171,Bangladesh
t20s1171,Afghanistan
t20s1172,Netherlands
t20s1172,Scotland
t20s1173,West Indies
t20s1173,Australia
t20s1174,Ireland
t20s1174,Scotland
t20s1175,Ireland
t20s1175,Netherlands
t20s1176,West Indies
t20s1176,Australia
t20s1177,Bangladesh
t20s1177,Zimbabwe
t20s1178,India
t20s1178,South Africa
t20s1179,Netherlands
t20s1179,Scotland
t20s1180,China
t20s1180,Hong Kong
t20s1181,South Korea
t20s1181,Japan
t20s1182,South Korea
t20s1182,China
t20s1183,Hong Kong
t20s1183,Japan
t20s1184,Afghanistan
t20s1184,Zimbabwe
t20s1185,Bangladesh
t20s1185,Afghanistan
t20s1186,China
t20s1186,Hong Kong
t20s1187,India
t20s1187,South Africa
t20s1188,India
t20s1188,South Africa
t20s1189,Nepal
t20s1189,Zimbabwe
t20s1190,Singapore
t20s1190,Nepal
t20s1191,Malaysia
t20s1191,Vanuatu
t20s1192,Singapore
t20s1192,Zimbabwe
t20s1193,Australia
t20s1193,Sri Lanka
t20s1194,Australia
t20s1194,Sri Lanka
t20s1195,Malaysia
t20s1195,Vanuatu
t20s1196,Nepal
t20s1196,Zimbabwe
t20s1197,India
t20s1197,South Africa
t20s1198,Malaysia
t20s1198,Vanuatu
t20s1199,Australia
t20s1199,Sri Lanka
t20s1200,India
t20s1200,South Africa
t20s1201,Malaysia
t20s1201,Vanuatu
t20s1202,Singapore
t20s1202,Zimbabwe
t20s1203,Malaysia
t20s1203,Vanuatu
t20s1204,India
t20s1204,South Africa
t20s1205,Pakistan
t20s1205,Sri Lanka
t20s1206,Ireland
t20s1206,Netherlands
t20s1207,Hong Kong
t20s1207,Nepal
t20s1208,Oman
t20s1208,Ireland
t20s1209,Pakistan
t20s1209,Sri Lanka
t20s1210,Hong Kong
t20s1210,Ireland
t20s1211,Nepal
t20s1211,Netherlands
t20s1212,Pakistan
t20s1212,Sri Lanka
t20s1213,Oman
t20s1213,Netherlands
t20s1214,Ireland
t20s1214,Nepal
t20s1215,Oman
t20s1215,Nepal
t20s1216,Hong Kong
t20s1216,Netherlands
t20s1217,United Arab Emirates
t20s1217,Oman
t20s1218,Kenya
t20s1218,Netherlands
t20s1219,Hong Kong
t20s1219,Ireland
t20s1220,Scotland
t20s1220,Singapore
t20s1221,United Arab Emirates
t20s1221,Ireland
t20s1222,Kenya
t20s1222,Scotland
t20s1223,Namibia
t20s1223,Netherlands
t20s1224,Jersey
t20s1224,Nigeria
t20s1225,Bermuda
t20s1225,Papua New Guinea
t20s1226,Hong Kong
t20s1226,Oman
t20s1227,Bermuda
t20s1227,Singapore
t20s1228,Canada
t20s1228,Jersey
t20s1229,Namibia
t20s1229,Papua New Guinea
t20s1230,Canada
t20s1230,Nigeria
t20s1231,Bermuda
t20s1231,Kenya
t20s1232,Ireland
t20s1232,Oman
t20s1233,United Arab Emirates
t20s1233,Hong Kong
t20s1234,Papua New Guinea
t20s1234,Scotland
t20s1235,United Arab Emirates
t20s1235,Jersey
t20s1236,Netherlands
t20s1236,Singapore
t20s1237,Namibia
t20s1237,Scotland
t20s1238,Hong Kong
t20s1238,Jersey
t20s1239,Canada
t20s1239,Ireland
t20s1240,Kenya
t20s1240,Singapore
t20s1241,Nigeria
t20s1241,Oman
t20s1242,Bermuda
t20s1242,Namibia
t20s1243,Bermuda
t20s1243,Scotland
t20s1244,Canada
t20s1244,Hong Kong
t20s1245,United Arab Emirates
t20s1245,Nigeria
t20s1246,Netherlands
t20s1246,Papua New Guinea
t20s1247,Spain
t20s1247,Portugal
t20s1248,Canada
t20s1248,Oman
t20s1249,Kenya
t20s1249,Namibia
t20s1250,Ireland
t20s1250,Jersey
t20s1251,Papua New Guinea
t20s1251,Singapore
t20s1252,Pakistan
t20s1252,Bangladesh
t20s1253,Spain
t20s1253,Portugal
t20s1254,Spain
t20s1254,Gibraltar
t20s1255,Gibraltar
t20s1255,Portugal
t20s1256,Namibia
t20s1256,Singapore
t20s1257,Bermuda
t20s1257,Netherlands
t20s1258,Ireland
t20s1258,Nigeria
t20s1259,Spain
t20s1259,Gibraltar
t20s1260,United Arab Emirates
t20s1260,Canada
t20s1261,Netherlands
t20s1261,Scotland
t20s1262,Jersey
t20s1262,Oman
t20s1263,Hong Kong
t20s1263,Nigeria
t20s1264,Kenya
t20s1264,Papua New Guinea
t20s1265,Australia
t20s1265,Sri Lanka
t20s1266,Namibia
t20s1266,Oman
t20s1267,United Arab Emirates
t20s1267,Netherlands
t20s1268,Hong Kong
t20s1268,Oman
t20s1269,United Arab Emirates
t20s1269,Scotland
t20s1270,Australia
t20s1270,Sri Lanka
t20s1271,Oman
t20s1271,Scotland
t20s1272,Namibia
t20s1272,Papua New Guinea
t20s1273,Ireland
t20s1273,Netherlands
t20s1274,New Zealand
t20s1274,England
t20s1275,Australia
t20s1275,Sri Lanka
t20s1276,Netherlands
t20s1276,Papua New Guinea
t20s1277,Ireland
t20s1277,Namibia
t20s1278,New Zealand
t20s1278,England
t20s1279,India
t20s1279,Bangladesh
t20s1280,Australia
t20s1280,Pakistan
t20s1281,New Zealand
t20s1281,England
t20s1282,Australia
t20s1282,Pakistan
t20s1283,India
t20s1283,Bangladesh
t20s1284,New Zealand
t20s1284,England
t20s1285,Australia
t20s1285,Pakistan
t20s1286,West Indies
t20s1286,India
t20s1287,West Indies
t20s1287,India
t20s1288,New Zealand
t20s1288,England
t20s1289,India
t20s1289,Bangladesh
t20s1290,West Indies
t20s1290,India
t20s1291,Afghanistan
t20s1291,West Indies
t20s1292,Afghanistan
t20s1292,West Indies
t20s1293,West Indies
t20s1293,India
t20s1294,Afghanistan
t20s1294,West Indies
t20s1295,West Indies
t20s1295,India
t20s1296,Nepal
t20s1296,Maldives
t20s1297,Nepal
t20s1297,Bangladesh
t20s1298,Bangladesh
t20s1298,Maldives
t20s1299,Nepal
t20s1299,Bhutan
t20s1300,Nepal
t20s1300,Maldives
t20s1301,India
t20s1301,West Indies
t20s1302,Nepal
t20s1302,Maldives
t20s1303,Bhutan
t20s1303,Maldives
t20s1304,India
t20s1304,West Indies
t20s1305,Nepal
t20s1305,Maldives
t20s1306,India
t20s1306,West Indies
t20s1307,England
t20s1307,Pakistan
t20s1308,England
t20s1308,Pakistan
t20s1309,England
t20s1309,Pakistan
t20s1310,India
t20s1310,Sri Lanka
t20s1311,India
t20s1311,Sri Lanka
t20s1312,West Indies
t20s1312,Ireland
t20s1313,West Indies
t20s1313,Ireland
t20s1314,West Indies
t20s1314,Ireland
t20s1315,Pakistan
t20s1315,Bangladesh
t20s1316,New Zealand
t20s1316,India
t20s1317,Pakistan
t20s1317,Bangladesh
t20s1318,New Zealand
t20s1318,India
t20s1319,New Zealand
t20s1319,India
t20s1320,New Zealand
t20s1320,India
t20s1321,England
t20s1321,India
t20s1322,Australia
t20s1322,England
t20s1323,New Zealand
t20s1323,South Africa
t20s1324,New Zealand
t20s1324,India
t20s1325,Australia
t20s1325,India
t20s1326,Oman
t20s1326,Germany
t20s1327,Oman
t20s1327,Germany
t20s1328,New Zealand
t20s1328,South Africa
t20s1329,Oman
t20s1329,Germany
t20s1330,England
t20s1330,India
t20s1331,Oman
t20s1331,Germany
t20s1332,Australia
t20s1332,India
t20s1333,New Zealand
t20s1333,South Africa
t20s1334,Australia
t20s1334,England
t20s1335,New Zealand
t20s1335,South Africa
t20s1336,South Africa
t20s1336,England
t20s1337,Australia
t20s1337,India
t20s1338,South Africa
t20s1338,England
t20s1339,South Africa
t20s1339,England
t20s1340,Malaysia
t20s1340,Hong Kong
t20s1341,Malaysia
t20s1341,Hong Kong
t20s1342,South Africa
t20s1342,Australia
t20s1343,Australia
t20s1343,India
t20s1344,New Zealand
t20s1344,Sri Lanka
t20s1345,Thailand
t20s1345,West Indies
t20s1346,Malaysia
t20s1346,Hong Kong
t20s1347,South Africa
t20s1347,Australia
t20s1348,England
t20s1348,South Africa
t20s1349,Malaysia
t20s1349,Hong Kong
t20s1350,Bangladesh
t20s1350,India
t20s1351,Australia
t20s1351,Sri Lanka
t20s1352,Iran
t20s1352,Kuwait
t20s1353,Bahrain
t20s1353,Qatar
t20s1354,Saudi Arabia
t20s1354,United Arab Emirates
t20s1355,Oman
t20s1355,Maldives
t20s1356,Qatar
t20s1356,United Arab Emirates
t20s1357,Kuwait
t20s1357,Bahrain
t20s1358,Malaysia
t20s1358,Hong Kong
t20s1359,South Africa
t20s1359,Australia
t20s1360,Pakistan
t20s1360,West Indies
t20s1361,England
t20s1361,Thailand
t20s1362,Kuwait
t20s1362,United Arab Emirates
t20s1363,Australia
t20s1363,Bangladesh
t20s1364,India
t20s1364,New Zealand
t20s1365,England
t20s1365,Pakistan
t20s1366,South Africa
t20s1366,Thailand
t20s1367,Thailand
t20s1367,Singapore
t20s1368,India
t20s1368,Sri Lanka
t20s1369,Bangladesh
t20s1369,New Zealand
t20s1370,Thailand
t20s1370,Malaysia
t20s1371,Hong Kong
t20s1371,Nepal
t20s1372,England
t20s1372,West Indies
t20s1373,Pakistan
t20s1373,South Africa
t20s1374,Australia
t20s1374,New Zealand
t20s1375,Bangladesh
t20s1375,Sri Lanka
t20s1376,Thailand
t20s1376,Hong Kong
t20s1377,Malaysia
t20s1377,Singapore
t20s1378,Pakistan
t20s1378,Thailand
t20s1379,Hong Kong
t20s1379,Singapore
t20s1380,Thailand
t20s1380,Nepal
t20s1381,Sri Lanka
t20s1381,West Indies
t20s1382,Australia
t20s1382,South Africa
t20s1383,Hong Kong
t20s1383,Malaysia
t20s1384,Afghanistan
t20s1384,Ireland
t20s1385,Sri Lanka
t20s1385,West Indies
t20s1386,Afghanistan
t20s1386,Ireland
t20s1387,Spain
t20s1387,Germany
t20s1388,Spain
t20s1388,Germany
t20s1389,Australia
t20s1389,India
t20s1390,Bangladesh
t20s1390,Zimbabwe
t20s1391,Afghanistan
t20s1391,Ireland
t20s1392,Bangladesh
t20s1392,Zimbabwe
t20s1393,Austria
t20s1393,Germany
t20s1394,Germany
t20s1394,Austria
t20s1395,Germany
t20s1395,Austria
t20s1396,Germany
t20s1396,Austria
t20s1397,Isle of Man
t20s1397,Guernsey
t20s1398,England
t20s1398,Pakistan
t20s1399,Belgium
t20s1399,Luxembourg
t20s1400,Belgium
t20s1400,Luxembourg
t20s1401,Belgium
t20s1401,Czech Republic
t20s1402,Pakistan
t20s1402,England
t20s1403,Pakistan
t20s1403,England
t20s1404,England
t20s1404,Australia
t20s1405,Australia
t20s1405,England
t20s1406,England
t20s1406,Australia
t20s1407,England
t20s1407,West Indies
t20s1408,England
t20s1408,West Indies
t20s1409,England
t20s1409,West Indies
t20s1410,Australia
t20s1410,New Zealand
t20s1411,New Zealand
t20s1411,Australia
t20s1412,England
t20s1412,West Indies
t20s1413,West Indies
t20s1413,England
t20s1414,Australia
t20s1414,New Zealand
t20s1415,Bulgaria
t20s1415,Romania
t20s1416,Romania
t20s1416,Bulgaria
t20s1417,Bulgaria
t20s1417,Romania
t20s1418,Zimbabwe
t20s1418,Pakistan
t20s1419,Zimbabwe
t20s1419,Pakistan
t20s1420,Zimbabwe
t20s1420,Pakistan
t20s1421,South Africa
t20s1421,England
t20s1422,West Indies
t20s1422,New Zealand
t20s1423,South Africa
t20s1423,England
t20s1424,New Zealand
t20s1424,West Indies
t20s1425,West Indies
t20s1425,New Zealand
t20s1426,South Africa
t20s1426,England
t20s1427,India
t20s1427,Australia
t20s1428,Australia
t20s1428,India
t20s1429,Australia
t20s1429,India
t20s1430,Pakistan
t20s1430,New Zealand
t20s1431,Pakistan
t20s1431,New Zealand
t20s1432,New Zealand
t20s1432,Pakistan
t20s1433,Pakistan
t20s1433,South Africa
t20s1434,South Africa
t20s1434,Pakistan
t20s1435,Pakistan
t20s1435,South Africa
t20s1436,Pakistan
t20s1436,South Africa
t20s1437,Pakistan
t20s1437,South Africa
t20s1438,South Africa
t20s1438,Pakistan
t20s1439,New Zealand
t20s1439,Australia
t20s1440,New Zealand
t20s1440,Australia
t20s1441,Sri Lanka
t20s1441,West Indies
t20s1442,New Zealand
t20s1442,England
t20s1443,Australia
t20s1443,New Zealand
t20s1444,Sri Lanka
t20s1444,West Indies
t20s1445,New Zealand
t20s1445,England
t20s1446,Australia
t20s1446,New Zealand
t20s1447,Sri Lanka
t20s1447,West Indies
t20s1448,England
t20s1448,New Zealand
t20s1449,Australia
t20s1449,New Zealand
t20s1450,India
t20s1450,England
t20s1451,England
t20s1451,India
t20s1452,India
t20s1452,England
t20s1453,Afghanistan
t20s1453,Zimbabwe
t20s1454,India
t20s1454,England
t20s1455,Afghanistan
t20s1455,Zimbabwe
t20s1456,India
t20s1456,South Africa
t20s1457,Afghanistan
t20s1457,Zimbabwe
t20s1458,India
t20s1458,England
t20s1459,India
t20s1459,South Africa
t20s1460,South Africa
t20s1460,India
t20s1461,New Zealand
t20s1461,Australia
t20s1462,New Zealand
t20s1462,Bangladesh
t20s1463,Australia
t20s1463,New Zealand
t20s1464,New Zealand
t20s1464,Bangladesh
t20s1465,Australia
t20s1465,New Zealand
t20s1466,New Zealand
t20s1466,Bangladesh
t20s1467,Uganda
t20s1467,Namibia
t20s1468,Namibia
t20s1468,Uganda
t20s1469,Namibia
t20s1469,Uganda
t20s1470,South Africa
t20s1470,Pakistan
t20s1471,Pakistan
t20s1471,South Africa
t20s1472,South Africa
t20s1472,Pakistan
t20s1473,South Africa
t20s1473,Pakistan
t20s1474,Netherlands
t20s1474,Nepal
t20s1475,Netherlands
t20s1475,Malaysia
t20s1476,Malaysia
t20s1476,Nepal
t20s1477,Nepal
t20s1477,Netherlands
t20s1478,Netherlands
t20s1478,Malaysia
t20s1479,Pakistan
t20s1479,Zimbabwe
t20s1480,Nepal
t20s1480,Malaysia
t20s1481,Zimbabwe
t20s1481,Pakistan
t20s1482,Nepal
t20s1482,Netherlands
t20s1483,Pakistan
t20s1483,Zimbabwe
t20s1484,Luxembourg
t20s1484,Czech Republic
t20s1485,Czech Republic
t20s1485,Luxembourg
t20s1486,Austria
t20s1486,Czech Republic
t20s1487,Czech Republic
t20s1487,Austria
t20s1488,Austria
t20s1488,Luxembourg
t20s1489,Scotland
t20s1489,Ireland
t20s1490,Ireland
t20s1490,Scotland
t20s1491,Ireland
t20s1491,Scotland
t20s1492,Scotland
t20s1492,Ireland
t20s1493,Nigeria
t20s1493,Namibia
t20s1494,Namibia
t20s1494,Rwanda
t20s1495,Botswana
t20s1495,Kenya
t20s1496,Namibia
t20s1496,Botswana
t20s1497,Rwanda
t20s1497,Nigeria
t20s1498,Namibia
t20s1498,Kenya
t20s1499,Botswana
t20s1499,Nigeria
t20s1500,Kenya
t20s1500,Rwanda
t20s1501,Kenya
t20s1501,Rwanda
t20s1502,Namibia
t20s1502,Nigeria
t20s1503,Namibia
t20s1503,Kenya
t20s1504,Rwanda
t20s1504,Nigeria
t20s1505,Sri Lanka
t20s1505,England
t20s1506,Greece
t20s1506,Romania
t20s1507,Sri Lanka
t20s1507,England
t20s1508,Romania
t20s1508,Serbia
t20s1509,Bulgaria
t20s1509,Romania
t20s1510,Serbia
t20s1510,Greece
t20s1511,Bulgaria
t20s1511,Greece
t20s1512,Serbia
t20s1512,Romania
t20s1513,South Africa
t20s1513,West Indies
t20s1514,England
t20s1514,Sri Lanka
t20s1515,South Africa
t20s1515,West Indies
t20s1516,South Africa
t20s1516,West Indies
t20s1517,West Indies
t20s1517,Pakistan
t20s1518,West Indies
t20s1518,South Africa
t20s1519,West Indies
t20s1519,Pakistan
t20s1520,South Africa
t20s1520,West Indies
t20s1521,Pakistan
t20s1521,West Indies
t20s1522,France
t20s1522,Germany
t20s1523,France
t20s1523,Germany
t20s1524,Malta
t20s1524,Belgium
t20s1525,Belgium
t20s1525,Malta
t20s1526,Germany
t20s1526,France
t20s1527,Malta
t20s1527,Belgium
t20s1528,West Indies
t20s1528,Australia
t20s1529,England
t20s1529,India
t20s1530,Belgium
t20s1530,Malta
t20s1531,Belgium
t20s1531,Malta
t20s1532,West Indies
t20s1532,Australia
t20s1533,India
t20s1533,England
t20s1534,Australia
t20s1534,West Indies
t20s1535,Australia
t20s1535,West Indies
t20s1536,India
t20s1536,England
t20s1537,West Indies
t20s1537,Australia
t20s1538,Pakistan
t20s1538,England
t20s1539,England
t20s1539,Pakistan
t20s1540,South Africa
t20s1540,Ireland
t20s1541,Pakistan
t20s1541,England
t20s1542,Zimbabwe
t20s1542,Bangladesh
t20s1543,South Africa
t20s1543,Ireland
t20s1544,Zimbabwe
t20s1544,Bangladesh
t20s1545,South Africa
t20s1545,Ireland
t20s1546,Zimbabwe
t20s1546,Bangladesh
t20s1547,India
t20s1547,Sri Lanka
t20s1548,Ireland
t20s1548,Netherlands
t20s1549,West Indies
t20s1549,Pakistan
t20s1550,India
t20s1550,Sri Lanka
t20s1551,Netherlands
t20s1551,Ireland
t20s1552,India
t20s1552,Sri Lanka
t20s1553,Ireland
t20s1553,Netherlands
t20s1554,Pakistan
t20s1554,West Indies
t20s1555,West Indies
t20s1555,Pakistan
t20s1556,Bangladesh
t20s1556,Australia
t20s1557,West Indies
t20s1557,Pakistan
t20s1558,Australia
t20s1558,Bangladesh
t20s1559,Norway
t20s1559,France
t20s1560,Norway
t20s1560,Germany
t20s1561,France
t20s1561,Germany
t20s1562,Bangladesh
t20s1562,Australia
t20s1563,Norway
t20s1563,France
t20s1564,Germany
t20s1564,France
t20s1565,Bangladesh
t20s1565,Australia
t20s1566,Norway
t20s1566,Germany
t20s1567,Norway
t20s1567,Germany
t20s1568,Bangladesh
t20s1568,Australia
t20s1569,Denmark
t20s1569,Sweden
t20s1570,Sweden
t20s1570,Denmark
t20s1571,Ghana
t20s1571,Rwanda
t20s1572,Ghana
t20s1572,Rwanda
t20s1573,Rwanda
t20s1573,Ghana
t20s1574,Gibraltar
t20s1574,Malta
t20s1575,Sweden
t20s1575,Finland
t20s1576,Sweden
t20s1576,Finland
t20s1577,Rwanda
t20s1577,Ghana
t20s1578,Malta
t20s1578,Gibraltar
t20s1579,Portugal
t20s1579,Gibraltar
t20s1580,Finland
t20s1580,Sweden
t20s1581,Finland
t20s1581,Sweden
t20s1582,Portugal
t20s1582,Gibraltar
t20s1583,France
t20s1583,Netherlands
t20s1584,Ireland
t20s1584,Germany
t20s1585,Netherlands
t20s1585,Scotland
t20s1586,Germany
t20s1586,Netherlands
t20s1587,Ireland
t20s1587,Scotland
t20s1588,France
t20s1588,Germany
t20s1589,Thailand
t20s1589,Zimbabwe
t20s1590,Zimbabwe
t20s1590,Ireland
t20s1591,Thailand
t20s1591,Zimbabwe
t20s1592,Norway
t20s1592,Sweden
t20s1593,Germany
t20s1593,Scotland
t20s1594,France
t20s1594,Ireland
t20s1595,Zimbabwe
t20s1595,Ireland
t20s1596,Ireland
t20s1596,Netherlands
t20s1597,France
t20s1597,Scotland
t20s1598,Thailand
t20s1598,Zimbabwe
t20s1599,South Africa
t20s1599,West Indies
t20s1600,Ireland
t20s1600,Zimbabwe
t20s1601,New Zealand
t20s1601,Bangladesh
t20s1602,England
t20s1602,New Zealand
t20s1603,Hungary
t20s1603,Czech Republic
t20s1604,Luxembourg
t20s1604,Bulgaria
t20s1605,South Africa
t20s1605,West Indies
t20s1606,Ireland
t20s1606,Zimbabwe
t20s1607,Romania
t20s1607,Hungary
t20s1608,Bulgaria
t20s1608,Malta
t20s1609,Romania
t20s1609,Czech Republic
t20s1610,Bangladesh
t20s1610,New Zealand
t20s1611,Romania
t20s1611,Malta
t20s1612,Luxembourg
t20s1612,Hungary
t20s1613,South Africa
t20s1613,West Indies
t20s1614,Zimbabwe
t20s1614,Ireland
t20s1615,England
t20s1615,New Zealand
t20s1616,Romania
t20s1616,Luxembourg
t20s1617,Malta
t20s1617,Hungary
t20s1618,New Zealand
t20s1618,Bangladesh
t20s1619,New Zealand
t20s1619,Bangladesh
t20s1620,Sierra Leone
t20s1620,Nigeria
t20s1621,Botswana
t20s1621,Eswatini
t20s1622,Namibia
t20s1622,Uganda
t20s1623,Mozambique
t20s1623,Rwanda
t20s1624,New Zealand
t20s1624,England
t20s1625,Namibia
t20s1625,Nigeria
t20s1626,Botswana
t20s1626,Mozambique
t20s1627,Tanzania
t20s1627,Zimbabwe
t20s1628,Spain
t20s1628,Germany
t20s1629,Kenya
t20s1629,Uganda
t20s1630,New Zealand
t20s1630,Bangladesh
t20s1631,South Africa
t20s1631,Sri Lanka
t20s1632,Uganda
t20s1632,Nigeria
t20s1633,Tanzania
t20s1633,Mozambique
t20s1634,Eswatini
t20s1634,Zimbabwe
t20s1635,Germany
t20s1635,Spain
t20s1636,Germany
t20s1636,Spain
t20s1637,Uganda
t20s1637,Nigeria
t20s1638,Nigeria
t20s1638,Kenya
t20s1639,Sri Lanka
t20s1639,South Africa
t20s1640,Zimbabwe
t20s1640,Mozambique
t20s1641,Nigeria
t20s1641,Uganda
t20s1642,Kenya
t20s1642,Nigeria
t20s1643,Sierra Leone
t20s1643,Uganda
t20s1644,Cameroon
t20s1644,Namibia
t20s1645,Tanzania
t20s1645,Eswatini
t20s1646,Sri Lanka
t20s1646,South Africa
t20s1647,Cameroon
t20s1647,Sierra Leone
t20s1648,Uganda
t20s1648,Nigeria
t20s1649,Scotland
t20s1649,Zimbabwe
t20s1650,Botswana
t20s1650,Tanzania
t20s1651,Zimbabwe
t20s1651,Rwanda
t20s1652,Mozambique
t20s1652,Eswatini
t20s1653,Nigeria
t20s1653,Kenya
t20s1654,Tanzania
t20s1654,Namibia
t20s1655,Zimbabwe
t20s1655,Uganda
t20s1656,Uganda
t20s1656,Kenya
t20s1657,Zimbabwe
t20s1657,Scotland
