key_id,umpires
t20s0001,Lauren Agenbag
t20s0001,Patric Makumbi
t20s0002,BF Bowden
t20s0002,AL Hill
t20s0003,NJ Llong
t20s0003,JW Lloyds
t20s0004,IL Howell
t20s0004,BG Jerling
t20s0005,BNJ Oxenford
t20s0005,RL Parry
t20s0006,BF Bowden
t20s0006,AL Hill
t20s0007,M Erasmus
t20s0007,KH Hurter
t20s0008,IJ Gould
t20s0008,NJ Llong
t20s0009,PJ Hartley
t20s0009,NJ Llong
t20s0010,IL Howell
t20s0010,BG Jerling
t20s0011,AL Hill
t20s0011,EA Watkin
t20s0012,BF Bowden
t20s0012,AL Hill
t20s0013,PD Parker
t20s0013,RL Parry
t20s0014,PJ Hartley
t20s0014,NJ Llong
t20s0015,IJ Gould
t20s0015,NJ Llong
t20s0016,R D'Mello
t20s0016,SR Modi
t20s0017,R D'Mello
t20s0017,SR Modi
t20s0018,SR Modi
t20s0018,IO Oyieko
t20s0019,MR Benson
t20s0019,DJ Harper
t20s0020,Asad Rauf
t20s0020,AL Hill
t20s0021,SJ Davis
t20s0021,SJA Taufel
t20s0022,BR Doctrove
t20s0022,SJA Taufel
t20s0023,Asad Rauf
t20s0023,AL Hill
t20s0024,MR Benson
t20s0024,NJ Llong
t20s0025,BR Doctrove
t20s0025,SJA Taufel
t20s0026,Asad Rauf
t20s0026,IL Howell
t20s0027,DJ Harper
t20s0027,NJ Llong
t20s0028,Asad Rauf
t20s0028,AL Hill
t20s0029,MR Benson
t20s0029,DJ Harper
t20s0030,Asad Rauf
t20s0030,AL Hill
t20s0031,Asad Rauf
t20s0031,IL Howell
t20s0032,MR Benson
t20s0032,NJ Llong
t20s0033,DJ Harper
t20s0033,NJ Llong
t20s0034,MR Benson
t20s0034,DJ Harper
t20s0035,MR Benson
t20s0035,NJ Llong
t20s0036,BR Doctrove
t20s0036,SJA Taufel
t20s0037,BR Doctrove
t20s0037,SJA Taufel
t20s0038,BR Doctrove
t20s0038,SJA Taufel
t20s0039,BR Doctrove
t20s0039,SJA Taufel
t20s0040,AL Hill
t20s0040,IL Howell
t20s0041,Asad Rauf
t20s0041,IL Howell
t20s0042,Asad Rauf
t20s0042,MR Benson
t20s0043,DJ Harper
t20s0043,SJA Taufel
t20s0044,MR Benson
t20s0044,SJA Taufel
t20s0045,AM Saheba
t20s0045,SL Shastri
t20s0046,IL Howell
t20s0046,BG Jerling
t20s0047,SJ Davis
t20s0047,PD Parker
t20s0048,IL Howell
t20s0048,BG Jerling
t20s0049,BG Jerling
t20s0049,RE Koertzen
t20s0050,BNJ Oxenford
t20s0050,SJA Taufel
t20s0051,GAV Baxter
t20s0051,BF Bowden
t20s0052,GAV Baxter
t20s0052,BF Bowden
t20s0053,Nadeem Ghauri
t20s0053,Zameer Haider
t20s0054,IJ Gould
t20s0054,PJ Hartley
t20s0055,BR Doctrove
t20s0055,CR Duncan
t20s0056,NG Bagh
t20s0056,Sarika Prasad
t20s0057,NG Bagh
t20s0057,PK Baldwin
t20s0058,DB Hair
t20s0058,Sarika Prasad
t20s0059,K Bayney
t20s0059,MR Benson
t20s0060,K Bayney
t20s0060,MR Benson
t20s0061,M Erasmus
t20s0061,BG Jerling
t20s0062,BF Bowden
t20s0062,AL Hill
t20s0063,GAV Baxter
t20s0063,EA Watkin
t20s0064,BNJ Oxenford
t20s0064,RJ Tucker
t20s0065,PR Reiffel
t20s0065,RJ Tucker
t20s0066,MG Silva
t20s0066,TH Wijewardene
t20s0067,BNJ Oxenford
t20s0067,PR Reiffel
t20s0068,GAV Baxter
t20s0068,EA Watkin
t20s0069,GAV Baxter
t20s0069,AL Hill
t20s0070,CR Duncan
t20s0070,NA Malcolm
t20s0071,M Erasmus
t20s0071,RE Koertzen
t20s0072,M Erasmus
t20s0072,BG Jerling
t20s0073,Aleem Dar
t20s0073,Zameer Haider
t20s0074,SJ Davis
t20s0074,EAR de Silva
t20s0075,BF Bowden
t20s0075,SJA Taufel
t20s0076,Aleem Dar
t20s0076,Asad Rauf
t20s0077,BR Doctrove
t20s0077,DJ Harper
t20s0078,BR Doctrove
t20s0078,DJ Harper
t20s0079,Asad Rauf
t20s0079,AM Saheba
t20s0080,BF Bowden
t20s0080,IJ Gould
t20s0081,NJ Llong
t20s0081,SJA Taufel
t20s0082,Asad Rauf
t20s0082,DJ Harper
t20s0083,BR Doctrove
t20s0083,AM Saheba
t20s0084,BF Bowden
t20s0084,SJA Taufel
t20s0085,IJ Gould
t20s0085,NJ Llong
t20s0086,SJ Davis
t20s0086,AL Hill
t20s0087,EAR de Silva
t20s0087,M Erasmus
t20s0088,Aleem Dar
t20s0088,RE Koertzen
t20s0089,MR Benson
t20s0089,RE Koertzen
t20s0090,MR Benson
t20s0090,RJ Tucker
t20s0091,Aleem Dar
t20s0091,MR Benson
t20s0092,SJ Davis
t20s0092,EAR de Silva
t20s0093,M Erasmus
t20s0093,AL Hill
t20s0094,RE Koertzen
t20s0094,RJ Tucker
t20s0095,Aleem Dar
t20s0095,RE Koertzen
t20s0096,BF Bowden
t20s0096,IJ Gould
t20s0097,SJ Davis
t20s0097,SJA Taufel
t20s0098,BF Bowden
t20s0098,SJ Davis
t20s0099,Asad Rauf
t20s0099,MR Benson
t20s0100,Aleem Dar
t20s0100,RE Koertzen
t20s0101,BR Doctrove
t20s0101,AL Hill
t20s0102,DJ Harper
t20s0102,SJA Taufel
t20s0103,SA Garratt
t20s0103,P Willey
t20s0104,CR Duncan
t20s0104,NA Malcolm
t20s0105,EAR de Silva
t20s0105,TH Wijewardene
t20s0106,IJ Gould
t20s0106,RA Kettleborough
t20s0107,EAR de Silva
t20s0107,HDPK Dharmasena
t20s0108,MG Silva
t20s0108,TH Wijewardene
t20s0109,AT Holdstock
t20s0109,CD Isaacs
t20s0110,Nadeem Ghauri
t20s0110,Zameer Haider
t20s0111,Nadeem Ghauri
t20s0111,Zameer Haider
t20s0112,M Erasmus
t20s0112,BG Jerling
t20s0113,M Erasmus
t20s0113,BG Jerling
t20s0114,AM Saheba
t20s0114,SK Tarapore
t20s0115,SS Hazare
t20s0115,SK Tarapore
t20s0116,GAV Baxter
t20s0116,CB Gaffaney
t20s0117,PR Reiffel
t20s0117,RJ Tucker
t20s0118,Aleem Dar
t20s0118,SR Modi
t20s0119,JJ Luck
t20s0119,SR Modi
t20s0120,JJ Luck
t20s0120,Sarika Prasad
t20s0121,Aleem Dar
t20s0121,PK Baldwin
t20s0122,SR Modi
t20s0122,Sarika Prasad
t20s0123,PK Baldwin
t20s0123,Sarika Prasad
t20s0124,Aleem Dar
t20s0124,SR Modi
t20s0125,EAR de Silva
t20s0125,HDPK Dharmasena
t20s0126,EAR de Silva
t20s0126,Enamul Haque
t20s0127,BNJ Oxenford
t20s0127,PR Reiffel
t20s0128,BNJ Oxenford
t20s0128,RJ Tucker
t20s0129,GAV Baxter
t20s0129,BF Bowden
t20s0130,CR Duncan
t20s0130,NA Malcolm
t20s0131,CB Gaffaney
t20s0131,AL Hill
t20s0132,SJ Davis
t20s0132,RE Koertzen
t20s0133,Asad Rauf
t20s0133,BF Bowden
t20s0134,EAR de Silva
t20s0134,RJ Tucker
t20s0135,Aleem Dar
t20s0135,M Erasmus
t20s0136,EAR de Silva
t20s0136,SK Tarapore
t20s0137,Aleem Dar
t20s0137,SJA Taufel
t20s0138,BR Doctrove
t20s0138,IJ Gould
t20s0139,AL Hill
t20s0139,RE Koertzen
t20s0140,Asad Rauf
t20s0140,SJ Davis
t20s0141,BF Bowden
t20s0141,AL Hill
t20s0142,Aleem Dar
t20s0142,BR Doctrove
t20s0143,IJ Gould
t20s0143,SJA Taufel
t20s0144,Aleem Dar
t20s0144,SJ Davis
t20s0145,BF Bowden
t20s0145,RE Koertzen
t20s0146,RE Koertzen
t20s0146,SJA Taufel
t20s0147,BF Bowden
t20s0147,BR Doctrove
t20s0148,Aleem Dar
t20s0148,SJ Davis
t20s0149,BR Doctrove
t20s0149,IJ Gould
t20s0150,IJ Gould
t20s0150,RE Koertzen
t20s0151,BF Bowden
t20s0151,SJA Taufel
t20s0152,SJ Davis
t20s0152,SJA Taufel
t20s0153,BR Doctrove
t20s0153,IJ Gould
t20s0154,BF Bowden
t20s0154,RE Koertzen
t20s0155,Aleem Dar
t20s0155,SJ Davis
t20s0156,M Erasmus
t20s0156,AL Hill
t20s0157,Aleem Dar
t20s0157,SJA Taufel
t20s0158,EAR de Silva
t20s0158,RJ Tucker
t20s0159,BR Doctrove
t20s0159,IJ Gould
t20s0160,EAR de Silva
t20s0160,M Erasmus
t20s0161,Aleem Dar
t20s0161,BR Doctrove
t20s0162,CR Duncan
t20s0162,NA Malcolm
t20s0163,CR Duncan
t20s0163,NA Malcolm
t20s0164,M Erasmus
t20s0164,IJ Gould
t20s0165,M Erasmus
t20s0165,RJ Tucker
t20s0166,O Chirombe
t20s0166,RB Tiffin
t20s0167,O Chirombe
t20s0167,RB Tiffin
t20s0168,Aleem Dar
t20s0168,Asad Rauf
t20s0169,Asad Rauf
t20s0169,Zameer Haider
t20s0170,RA Kettleborough
t20s0170,NJ Llong
t20s0171,IJ Gould
t20s0171,RK Illingworth
t20s0172,JD Cloete
t20s0172,BG Jerling
t20s0173,S George
t20s0173,BG Jerling
t20s0174,Ahsan Raza
t20s0174,Asad Rauf
t20s0175,Asad Rauf
t20s0175,Nadeem Ghauri
t20s0176,BNJ Oxenford
t20s0176,PR Reiffel
t20s0177,BF Bowden
t20s0177,BG Frost
t20s0178,GAV Baxter
t20s0178,CB Gaffaney
t20s0179,WR Knights
t20s0179,DG Paterson
t20s0180,GAV Baxter
t20s0180,CB Gaffaney
t20s0181,M Erasmus
t20s0181,BG Jerling
t20s0182,SD Fry
t20s0182,BNJ Oxenford
t20s0183,BNJ Oxenford
t20s0183,PR Reiffel
t20s0184,NA Malcolm
t20s0184,PJ Nero
t20s0185,NA Malcolm
t20s0185,PJ Nero
t20s0186,RA Kettleborough
t20s0186,NJ Llong
t20s0187,PK Baldwin
t20s0187,TE Jesty
t20s0188,EAR de Silva
t20s0188,RSA Palliyaguruge
t20s0189,REJ Martinesz
t20s0189,RSA Palliyaguruge
t20s0190,RJ Bailey
t20s0190,RK Illingworth
t20s0191,TJ Matibiri
t20s0191,RB Tiffin
t20s0192,O Chirombe
t20s0192,TJ Matibiri
t20s0193,RJ Bailey
t20s0193,NJ Llong
t20s0194,RK Illingworth
t20s0194,NJ Llong
t20s0195,Enamul Haque
t20s0195,Nadir Shah
t20s0196,M Erasmus
t20s0196,AT Holdstock
t20s0197,TJ Matibiri
t20s0197,RB Tiffin
t20s0198,JD Cloete
t20s0198,S George
t20s0199,O Chirombe
t20s0199,TJ Matibiri
t20s0200,R Ellis
t20s0200,CD Isaacs
t20s0201,S Asnani
t20s0201,S Ravi
t20s0202,Ahsan Raza
t20s0202,Zameer Haider
t20s0203,Nadir Shah
t20s0203,Sharfuddoula
t20s0204,BNJ Oxenford
t20s0204,PR Reiffel
t20s0205,SD Fry
t20s0205,BNJ Oxenford
t20s0206,GAV Baxter
t20s0206,BG Frost
t20s0207,CB Gaffaney
t20s0207,AL Hill
t20s0208,CB Gaffaney
t20s0208,PD Jones
t20s0209,GAV Baxter
t20s0209,BG Frost
t20s0210,BG Frost
t20s0210,PD Jones
t20s0211,GAV Baxter
t20s0211,CB Gaffaney
t20s0212,S George
t20s0212,D Odhiambo
t20s0213,BG Frost
t20s0213,DJ Walker
t20s0214,GAV Baxter
t20s0214,CB Gaffaney
t20s0215,S George
t20s0215,D Odhiambo
t20s0216,Ahsan Raza
t20s0216,Shozab Raza
t20s0217,S George
t20s0217,D Odhiambo
t20s0218,Ahsan Raza
t20s0218,Zameer Haider
t20s0219,Shozab Raza
t20s0219,Zameer Haider
t20s0220,M Hawthorne
t20s0220,JS Wilson
t20s0221,JD Cloete
t20s0221,SJA Taufel
t20s0222,BB Pradhan
t20s0222,SJA Taufel
t20s0223,S Asnani
t20s0223,JS Wilson
t20s0224,REJ Martinesz
t20s0224,SJA Taufel
t20s0225,JD Cloete
t20s0225,CB Gaffaney
t20s0226,BB Pradhan
t20s0226,JS Wilson
t20s0227,Ahsan Raza
t20s0227,CB Gaffaney
t20s0228,CB Gaffaney
t20s0228,BB Pradhan
t20s0229,GO Brathwaite
t20s0229,PJ Nero
t20s0230,JD Cloete
t20s0230,S George
t20s0231,PJ Nero
t20s0231,JS Wilson
t20s0232,EAR de Silva
t20s0232,REJ Martinesz
t20s0233,REJ Martinesz
t20s0233,RSA Palliyaguruge
t20s0234,RK Illingworth
t20s0234,RA Kettleborough
t20s0235,TE Jesty
t20s0235,G Sharp
t20s0236,NGC Cowley
t20s0236,MJ Saggers
t20s0237,PJ Nero
t20s0237,JS Wilson
t20s0238,PJ Nero
t20s0238,JS Wilson
t20s0239,M Hawthorne
t20s0239,RP Smith
t20s0240,IN Ramage
t20s0240,RP Smith
t20s0241,IN Ramage
t20s0241,RP Smith
t20s0242,HDPK Dharmasena
t20s0242,TH Wijewardene
t20s0243,MA Gough
t20s0243,PJ Hartley
t20s0244,Ahsan Raza
t20s0244,Shozab Raza
t20s0245,MA Gough
t20s0245,PJ Hartley
t20s0246,Shozab Raza
t20s0246,Zameer Haider
t20s0247,MA Gough
t20s0247,PJ Hartley
t20s0248,RJ Bailey
t20s0248,RK Illingworth
t20s0249,Ahsan Raza
t20s0249,Zameer Haider
t20s0250,MA Gough
t20s0250,RT Robinson
t20s0251,RJ Bailey
t20s0251,RK Illingworth
t20s0252,VA Kulkarni
t20s0252,S Ravi
t20s0253,RJ Bailey
t20s0253,RK Illingworth
t20s0254,PK Baldwin
t20s0254,PJ Hartley
t20s0255,GD Lloyd
t20s0255,P Willey
t20s0256,GD Lloyd
t20s0256,P Willey
t20s0257,IJ Gould
t20s0257,RJ Tucker
t20s0258,Asad Rauf
t20s0258,SJA Taufel
t20s0259,Aleem Dar
t20s0259,HDPK Dharmasena
t20s0260,SJ Davis
t20s0260,RA Kettleborough
t20s0261,HDPK Dharmasena
t20s0261,SJA Taufel
t20s0262,M Erasmus
t20s0262,NJ Llong
t20s0263,Aleem Dar
t20s0263,Asad Rauf
t20s0264,RA Kettleborough
t20s0264,RJ Tucker
t20s0265,Aleem Dar
t20s0265,SJA Taufel
t20s0266,M Erasmus
t20s0266,BNJ Oxenford
t20s0267,Asad Rauf
t20s0267,HDPK Dharmasena
t20s0268,SJ Davis
t20s0268,IJ Gould
t20s0269,NJ Llong
t20s0269,BNJ Oxenford
t20s0270,BF Bowden
t20s0270,AL Hill
t20s0271,BF Bowden
t20s0271,M Erasmus
t20s0272,AL Hill
t20s0272,BNJ Oxenford
t20s0273,Asad Rauf
t20s0273,SJ Davis
t20s0274,Aleem Dar
t20s0274,SJA Taufel
t20s0275,BF Bowden
t20s0275,AL Hill
t20s0276,NJ Llong
t20s0276,BNJ Oxenford
t20s0277,HDPK Dharmasena
t20s0277,RA Kettleborough
t20s0278,IJ Gould
t20s0278,RJ Tucker
t20s0279,AL Hill
t20s0279,BNJ Oxenford
t20s0280,BF Bowden
t20s0280,NJ Llong
t20s0281,Aleem Dar
t20s0281,SJ Davis
t20s0282,Asad Rauf
t20s0282,SJA Taufel
t20s0283,M Erasmus
t20s0283,BNJ Oxenford
t20s0284,AL Hill
t20s0284,NJ Llong
t20s0285,RA Kettleborough
t20s0285,RJ Tucker
t20s0286,HDPK Dharmasena
t20s0286,IJ Gould
t20s0287,M Erasmus
t20s0287,AL Hill
t20s0288,BF Bowden
t20s0288,NJ Llong
t20s0289,SJ Davis
t20s0289,SJA Taufel
t20s0290,Aleem Dar
t20s0290,Asad Rauf
t20s0291,HDPK Dharmasena
t20s0291,RJ Tucker
t20s0292,IJ Gould
t20s0292,RA Kettleborough
t20s0293,BF Bowden
t20s0293,M Erasmus
t20s0294,M Erasmus
t20s0294,BNJ Oxenford
t20s0295,SJA Taufel
t20s0295,RJ Tucker
t20s0296,BF Bowden
t20s0296,AL Hill
t20s0297,Aleem Dar
t20s0297,HDPK Dharmasena
t20s0298,BF Bowden
t20s0298,M Erasmus
t20s0299,Aleem Dar
t20s0299,SJA Taufel
t20s0300,BB Pradhan
t20s0300,Sarika Prasad
t20s0301,B Ramani
t20s0301,SV Sarda
t20s0302,Sarika Prasad
t20s0302,B Ramani
t20s0303,REJ Martinesz
t20s0303,RSA Palliyaguruge
t20s0304,BB Pradhan
t20s0304,Sarika Prasad
t20s0305,Anisur Rahman
t20s0305,Enamul Haque
t20s0306,S Asnani
t20s0306,C Shamshuddin
t20s0307,JD Cloete
t20s0307,S George
t20s0308,VA Kulkarni
t20s0308,S Ravi
t20s0309,S George
t20s0309,AT Holdstock
t20s0310,S Ravi
t20s0310,C Shamshuddin
t20s0311,JD Cloete
t20s0311,AT Holdstock
t20s0312,S Asnani
t20s0312,VA Kulkarni
t20s0313,GO Brathwaite
t20s0313,LS Reifer
t20s0314,PJ Nero
t20s0314,JS Wilson
t20s0315,SD Fry
t20s0315,PR Reiffel
t20s0316,SD Fry
t20s0316,JD Ward
t20s0317,CB Gaffaney
t20s0317,DJ Walker
t20s0318,GAV Baxter
t20s0318,DJ Walker
t20s0319,PR Reiffel
t20s0319,JD Ward
t20s0320,GAV Baxter
t20s0320,CB Gaffaney
t20s0321,PJ Nero
t20s0321,JS Wilson
t20s0322,ID Gunawardene
t20s0322,RD Kottahachchi
t20s0323,GO Brathwaite
t20s0323,JS Wilson
t20s0324,RSA Palliyaguruge
t20s0324,Sarika Prasad
t20s0325,JD Cloete
t20s0325,S George
t20s0326,RSA Palliyaguruge
t20s0326,Sarika Prasad
t20s0327,HMNC Dhanasinghe
t20s0327,RD Kottahachchi
t20s0328,HMNC Dhanasinghe
t20s0328,LE Hannibal
t20s0329,RJ Bailey
t20s0329,D Odhiambo
t20s0330,RJ Bailey
t20s0330,D Odhiambo
t20s0331,REJ Martinesz
t20s0331,RSA Palliyaguruge
t20s0332,S George
t20s0332,AT Holdstock
t20s0333,S George
t20s0333,AT Holdstock
t20s0334,O Chirombe
t20s0334,RB Tiffin
t20s0335,O Chirombe
t20s0335,TJ Matibiri
t20s0336,RJ Bailey
t20s0336,RK Illingworth
t20s0337,RK Illingworth
t20s0337,RT Robinson
t20s0338,RK Illingworth
t20s0338,AG Wharf
t20s0339,RK Illingworth
t20s0339,AG Wharf
t20s0340,GH Black
t20s0340,L Fourie
t20s0341,GO Brathwaite
t20s0341,PJ Nero
t20s0342,GO Brathwaite
t20s0342,JS Wilson
t20s0343,N Duguid
t20s0343,IN Ramage
t20s0344,K Cross
t20s0344,Sharfuddoula
t20s0345,REJ Martinesz
t20s0345,RR Wimalasiri
t20s0346,REJ Martinesz
t20s0346,RSA Palliyaguruge
t20s0347,REJ Martinesz
t20s0347,RSA Palliyaguruge
t20s0348,O Chirombe
t20s0348,TJ Matibiri
t20s0349,O Chirombe
t20s0349,RB Tiffin
t20s0350,NGB Cook
t20s0350,NJ Llong
t20s0351,MA Gough
t20s0351,DJ Millns
t20s0352,RJ Bailey
t20s0352,RT Robinson
t20s0353,RT Robinson
t20s0353,MJ Saggers
t20s0354,RJ Bailey
t20s0354,MA Gough
t20s0355,DJ Smith
t20s0355,BM White
t20s0356,R Ellis
t20s0356,BM White
t20s0357,RSA Palliyaguruge
t20s0357,BB Pradhan
t20s0358,AK Chaudhary
t20s0358,C Shamshuddin
t20s0359,RSA Palliyaguruge
t20s0359,BB Pradhan
t20s0360,RN Birkenstock
t20s0360,PJ Vosloo
t20s0361,R Ellis
t20s0361,PJ Vosloo
t20s0362,RN Birkenstock
t20s0362,R Ellis
t20s0363,Anisur Rahman
t20s0363,Sharfuddoula
t20s0364,Ahsan Raza
t20s0364,Shozab Raza
t20s0365,S Ravi
t20s0365,M Hawthorne
t20s0366,Ahsan Raza
t20s0366,Zameer Haider
t20s0367,CB Gaffaney
t20s0367,AT Holdstock
t20s0368,MA Gough
t20s0368,REJ Martinesz
t20s0369,AT Holdstock
t20s0369,S Ravi
t20s0370,JD Cloete
t20s0370,S George
t20s0371,RSA Palliyaguruge
t20s0371,RR Wimalasiri
t20s0372,JD Cloete
t20s0372,S George
t20s0373,M Hawthorne
t20s0373,S Ravi
t20s0374,AT Holdstock
t20s0374,Sarika Prasad
t20s0375,BB Pradhan
t20s0375,Sarika Prasad
t20s0376,Sarika Prasad
t20s0376,DJ Walker
t20s0377,SJ Davis
t20s0377,REJ Martinesz
t20s0378,MA Gough
t20s0378,S Ravi
t20s0379,Ahsan Raza
t20s0379,Shozab Raza
t20s0380,Ahsan Raza
t20s0380,Shozab Raza
t20s0381,Ahsan Raza
t20s0381,Zameer Haider
t20s0382,CB Gaffaney
t20s0382,DJ Walker
t20s0383,GAV Baxter
t20s0383,CB Gaffaney
t20s0384,Kamal Merchant
t20s0384,Mohammad Nasim
t20s0385,Ahmed Shahab
t20s0385,Nadeem Malik
t20s0386,Ahmed Shahab
t20s0386,Tahir Shah
t20s0387,Ahmed Shahab
t20s0387,Kamal Merchant
t20s0388,SD Fry
t20s0388,JD Ward
t20s0389,SAJ Craig
t20s0389,AP Ward
t20s0390,JD Ward
t20s0390,P Wilson
t20s0391,DB Mealey
t20s0391,AK Wilds
t20s0392,SD Fry
t20s0392,P Wilson
t20s0393,Anisur Rahman
t20s0393,Sharfuddoula
t20s0394,Anisur Rahman
t20s0394,Sharfuddoula
t20s0395,GO Brathwaite
t20s0395,JS Wilson
t20s0396,N Duguid
t20s0396,JS Wilson
t20s0397,PJ Nero
t20s0397,JS Wilson
t20s0398,GO Brathwaite
t20s0398,PJ Nero
t20s0399,S George
t20s0399,AT Holdstock
t20s0400,GO Brathwaite
t20s0400,JS Wilson
t20s0401,JD Cloete
t20s0401,S George
t20s0402,Aleem Dar
t20s0402,RJ Tucker
t20s0403,RK Illingworth
t20s0403,NJ Llong
t20s0404,BF Bowden
t20s0404,IJ Gould
t20s0405,SJ Davis
t20s0405,M Erasmus
t20s0406,Aleem Dar
t20s0406,RJ Tucker
t20s0407,S Ravi
t20s0407,PR Reiffel
t20s0408,M Erasmus
t20s0408,IJ Gould
t20s0409,SJ Davis
t20s0409,BNJ Oxenford
t20s0410,PR Reiffel
t20s0410,RJ Tucker
t20s0411,Aleem Dar
t20s0411,S Ravi
t20s0412,HDPK Dharmasena
t20s0412,RA Kettleborough
t20s0413,SJ Davis
t20s0413,IJ Gould
t20s0414,BF Bowden
t20s0414,BNJ Oxenford
t20s0415,Aleem Dar
t20s0415,PR Reiffel
t20s0416,S Ravi
t20s0416,RJ Tucker
t20s0417,M Erasmus
t20s0417,IJ Gould
t20s0418,HDPK Dharmasena
t20s0418,RK Illingworth
t20s0419,RA Kettleborough
t20s0419,NJ Llong
t20s0420,BF Bowden
t20s0420,BNJ Oxenford
t20s0421,SJ Davis
t20s0421,REJ Martinesz
t20s0422,PR Reiffel
t20s0422,RJ Tucker
t20s0423,Aleem Dar
t20s0423,S Ravi
t20s0424,M Erasmus
t20s0424,IJ Gould
t20s0425,RA Kettleborough
t20s0425,NJ Llong
t20s0426,M Erasmus
t20s0426,REJ Martinesz
t20s0427,BF Bowden
t20s0427,IJ Gould
t20s0428,REJ Martinesz
t20s0428,PR Reiffel
t20s0429,Aleem Dar
t20s0429,RJ Tucker
t20s0430,SJ Davis
t20s0430,BNJ Oxenford
t20s0431,RK Illingworth
t20s0431,NJ Llong
t20s0432,HDPK Dharmasena
t20s0432,RA Kettleborough
t20s0433,M Erasmus
t20s0433,IJ Gould
t20s0434,NJ Llong
t20s0434,S Ravi
t20s0435,RK Illingworth
t20s0435,PR Reiffel
t20s0436,SJ Davis
t20s0436,RJ Tucker
t20s0437,Aleem Dar
t20s0437,BNJ Oxenford
t20s0438,BF Bowden
t20s0438,S Ravi
t20s0439,REJ Martinesz
t20s0439,PR Reiffel
t20s0440,HDPK Dharmasena
t20s0440,M Erasmus
t20s0441,IJ Gould
t20s0441,RA Kettleborough
t20s0442,NJ Llong
t20s0442,REJ Martinesz
t20s0443,BF Bowden
t20s0443,RK Illingworth
t20s0444,Aleem Dar
t20s0444,RJ Tucker
t20s0445,SJ Davis
t20s0445,BNJ Oxenford
t20s0446,RK Illingworth
t20s0446,PR Reiffel
t20s0447,NJ Llong
t20s0447,S Ravi
t20s0448,IJ Gould
t20s0448,RA Kettleborough
t20s0449,HDPK Dharmasena
t20s0449,M Erasmus
t20s0450,BF Bowden
t20s0450,RK Illingworth
t20s0451,NJ Llong
t20s0451,S Ravi
t20s0452,RK Illingworth
t20s0452,S Ravi
t20s0453,NJ Llong
t20s0453,PR Reiffel
t20s0454,Aleem Dar
t20s0454,M Erasmus
t20s0455,RA Kettleborough
t20s0455,RJ Tucker
t20s0456,SJ Davis
t20s0456,BNJ Oxenford
t20s0457,HDPK Dharmasena
t20s0457,IJ Gould
t20s0458,Aleem Dar
t20s0458,M Erasmus
t20s0459,IJ Gould
t20s0459,RA Kettleborough
t20s0460,RJ Bailey
t20s0460,MA Gough
t20s0461,PJ Nero
t20s0461,JS Wilson
t20s0462,GO Brathwaite
t20s0462,JS Wilson
t20s0463,PJ Nero
t20s0463,JS Wilson
t20s0464,GA Abood
t20s0464,GC Joshua
t20s0465,GC Joshua
t20s0465,SJ Nogajski
t20s0466,JW Lloyds
t20s0466,NA Mallender
t20s0467,GA Abood
t20s0467,SJ Nogajski
t20s0468,JW Lloyds
t20s0468,NA Mallender
t20s0469,GA Abood
t20s0469,GC Joshua
t20s0470,RJ Bailey
t20s0470,DJ Millns
t20s0471,IJ Gould
t20s0471,RT Robinson
t20s0472,Ahsan Raza
t20s0472,Shozab Raza
t20s0473,LE Hannibal
t20s0473,RD Kottahachchi
t20s0474,EJAPAM Jayasooriya
t20s0474,RMPJ Rambukwella
t20s0475,ID Gunawardene
t20s0475,RD Kottahachchi
t20s0476,GJ Davidson
t20s0476,AK Wilds
t20s0477,SD Fry
t20s0477,JD Ward
t20s0478,GJ Davidson
t20s0478,AK Wilds
t20s0479,SD Fry
t20s0479,MD Martell
t20s0480,MD Martell
t20s0480,JD Ward
t20s0481,RSA Palliyaguruge
t20s0481,RR Wimalasiri
t20s0482,Ahmed Shahab
t20s0482,Ahsan Raza
t20s0483,Aleem Dar
t20s0483,Shozab Raza
t20s0484,JD Cloete
t20s0484,S George
t20s0485,S George
t20s0485,AT Holdstock
t20s0486,JD Cloete
t20s0486,S George
t20s0487,Farooq Ali Khan
t20s0487,Rashid Riaz
t20s0488,Farooq Ali Khan
t20s0488,Rashid Riaz
t20s0489,Ahsan Raza
t20s0489,Khalid Mahmood
t20s0490,Ahsan Raza
t20s0490,Khalid Mahmood
t20s0491,Ahsan Raza
t20s0491,Khalid Mahmood
t20s0492,Anisur Rahman
t20s0492,Sharfuddoula
t20s0493,Ahsan Raza
t20s0493,Shozab Raza
t20s0494,PN Udawatta
t20s0494,RR Wimalasiri
t20s0495,Ahmed Shahab
t20s0495,Ahsan Raza
t20s0496,RD Kottahachchi
t20s0496,REJ Martinesz
t20s0497,RA Kottahachchi
t20s0497,RR Wimalasiri
t20s0498,M Hawthorne
t20s0498,NJ Llong
t20s0499,RJ Bailey
t20s0499,RT Robinson
t20s0500,Sarika Prasad
t20s0500,C Shamshuddin
t20s0501,Sarika Prasad
t20s0501,C Shamshuddin
t20s0502,Enamul Haque
t20s0502,Sharfuddoula
t20s0503,Anisur Rahman
t20s0503,Enamul Haque
t20s0504,GO Brathwaite
t20s0504,D Odhiambo
t20s0505,Ahsan Raza
t20s0505,S George
t20s0506,NJ Llong
t20s0506,IN Ramage
t20s0507,VA Kulkarni
t20s0507,D Odhiambo
t20s0508,Ahsan Raza
t20s0508,GO Brathwaite
t20s0509,VA Kulkarni
t20s0509,NJ Llong
t20s0510,AK Chaudhary
t20s0510,JD Cloete
t20s0511,JD Cloete
t20s0511,RSA Palliyaguruge
t20s0512,AK Chaudhary
t20s0512,RSA Palliyaguruge
t20s0513,TJ Matibiri
t20s0513,RB Tiffin
t20s0514,RSA Palliyaguruge
t20s0514,P Wilson
t20s0515,JD Cloete
t20s0515,RT Robinson
t20s0516,L Rusere
t20s0516,RB Tiffin
t20s0517,S George
t20s0517,NJ Llong
t20s0518,GO Brathwaite
t20s0518,AK Chaudhary
t20s0519,JD Cloete
t20s0519,VA Kulkarni
t20s0520,GO Brathwaite
t20s0520,AK Chaudhary
t20s0521,S George
t20s0521,RSA Palliyaguruge
t20s0522,REJ Martinesz
t20s0522,RSA Palliyaguruge
t20s0523,RSA Palliyaguruge
t20s0523,RR Wimalasiri
t20s0524,L Rusere
t20s0524,RB Tiffin
t20s0525,JD Cloete
t20s0525,S George
t20s0526,JD Cloete
t20s0526,S George
t20s0527,AA Baig
t20s0527,GH Black
t20s0528,M Block
t20s0528,K Gallagher
t20s0529,AA Baig
t20s0529,CM Colleran
t20s0530,NGB Cook
t20s0530,MJ Saggers
t20s0531,NGB Cook
t20s0531,PJ Hartley
t20s0532,RJ Bailey
t20s0532,RK Illingworth
t20s0533,MA Gough
t20s0533,RT Robinson
t20s0534,TJ Matibiri
t20s0534,RB Tiffin
t20s0535,L Rusere
t20s0535,RB Tiffin
t20s0536,Rashid Riaz
t20s0536,Riazuddin
t20s0537,Rashid Riaz
t20s0537,Riazuddin
t20s0538,VA Kulkarni
t20s0538,C Shamshuddin
t20s0539,CK Nandan
t20s0539,C Shamshuddin
t20s0540,TJ Matibiri
t20s0540,RB Tiffin
t20s0541,L Rusere
t20s0541,RB Tiffin
t20s0542,PJ Nero
t20s0542,JM Williams
t20s0543,REJ Martinesz
t20s0543,RSA Palliyaguruge
t20s0544,REJ Martinesz
t20s0544,RR Wimalasiri
t20s0545,Anisur Rahman
t20s0545,Enamul Haque
t20s0546,Anisur Rahman
t20s0546,Sharfuddoula
t20s0547,VA Kulkarni
t20s0547,Sarika Prasad
t20s0548,VA Kulkarni
t20s0548,Sarika Prasad
t20s0549,VA Kulkarni
t20s0549,Sarika Prasad
t20s0550,BB Pradhan
t20s0550,RR Wimalasiri
t20s0551,Ahsan Raza
t20s0551,Shozab Raza
t20s0552,Ahmed Shahab
t20s0552,Shozab Raza
t20s0553,BB Pradhan
t20s0553,RR Wimalasiri
t20s0554,Ahmed Shahab
t20s0554,Ahsan Raza
t20s0555,K Cross
t20s0555,CA Polosak
t20s0556,PD Jones
t20s0556,DJ Walker
t20s0557,AK Chaudhary
t20s0557,VA Kulkarni
t20s0558,VA Kulkarni
t20s0558,C Shamshuddin
t20s0559,BF Bowden
t20s0559,PD Jones
t20s0560,Enamul Haque
t20s0560,Sharfuddoula
t20s0561,PD Jones
t20s0561,DJ Walker
t20s0562,Anisur Rahman
t20s0562,Sharfuddoula
t20s0563,BF Bowden
t20s0563,DJ Walker
t20s0564,Anisur Rahman
t20s0564,Enamul Haque
t20s0565,Enamul Haque
t20s0565,Sharfuddoula
t20s0566,BF Bowden
t20s0566,DJ Walker
t20s0567,SD Fry
t20s0567,JD Ward
t20s0568,SD Fry
t20s0568,P Wilson
t20s0569,GA Abood
t20s0569,GC Joshua
t20s0570,Sarika Prasad
t20s0570,Tabarak Dar
t20s0571,Sarika Prasad
t20s0571,Tabarak Dar
t20s0572,SD Fry
t20s0572,JD Ward
t20s0573,GA Abood
t20s0573,SJ Nogajski
t20s0574,CK Nandan
t20s0574,Sarika Prasad
t20s0575,CK Nandan
t20s0575,Sarika Prasad
t20s0576,BB Pradhan
t20s0576,RJ Tucker
t20s0577,VA Kulkarni
t20s0577,CK Nandan
t20s0578,BB Pradhan
t20s0578,RJ Tucker
t20s0579,AK Chaudhary
t20s0579,VA Kulkarni
t20s0580,AK Chaudhary
t20s0580,CK Nandan
t20s0581,Iftikhar Ali
t20s0581,Rabiul Hoque
t20s0582,Akbar Ali
t20s0582,Iftikhar Ali
t20s0583,A Paleker
t20s0583,DJ Smith
t20s0584,Enamul Haque
t20s0584,BB Pradhan
t20s0585,Sarika Prasad
t20s0585,Sharfuddoula
t20s0586,JD Cloete
t20s0586,S George
t20s0587,Anisur Rahman
t20s0587,Sarika Prasad
t20s0588,BB Pradhan
t20s0588,Sharfuddoula
t20s0589,BP Jele
t20s0589,DJ Smith
t20s0590,JD Cloete
t20s0590,AT Holdstock
t20s0591,Sarika Prasad
t20s0591,Sharfuddoula
t20s0592,Enamul Haque
t20s0592,BB Pradhan
t20s0593,RSA Palliyaguruge
t20s0593,Shozab Raza
t20s0594,AK Chaudhary
t20s0594,Sharfuddoula
t20s0595,AK Chaudhary
t20s0595,RSA Palliyaguruge
t20s0596,RSA Palliyaguruge
t20s0596,Sharfuddoula
t20s0597,AK Chaudhary
t20s0597,Shozab Raza
t20s0598,Enamul Haque
t20s0598,RSA Palliyaguruge
t20s0599,Anisur Rahman
t20s0599,Shozab Raza
t20s0600,AK Chaudhary
t20s0600,RSA Palliyaguruge
t20s0601,Sharfuddoula
t20s0601,Shozab Raza
t20s0602,AK Chaudhary
t20s0602,Enamul Haque
t20s0603,A Paleker
t20s0603,DJ Smith
t20s0604,S George
t20s0604,AT Holdstock
t20s0605,RSA Palliyaguruge
t20s0605,Shozab Raza
t20s0606,S George
t20s0606,AT Holdstock
t20s0607,M Erasmus
t20s0607,RK Illingworth
t20s0608,Aleem Dar
t20s0608,IJ Gould
t20s0609,CB Gaffaney
t20s0609,NJ Llong
t20s0610,S Ravi
t20s0610,RJ Tucker
t20s0611,BP Jele
t20s0611,BM White
t20s0612,S George
t20s0612,AT Holdstock
t20s0613,IJ Gould
t20s0613,RK Illingworth
t20s0614,Aleem Dar
t20s0614,M Erasmus
t20s0615,NJ Llong
t20s0615,RJ Tucker
t20s0616,M Erasmus
t20s0616,IJ Gould
t20s0617,Aleem Dar
t20s0617,RK Illingworth
t20s0618,CB Gaffaney
t20s0618,RJ Tucker
t20s0619,NJ Llong
t20s0619,S Ravi
t20s0620,MA Gough
t20s0620,C Shamshuddin
t20s0621,Aleem Dar
t20s0621,REJ Martinesz
t20s0622,HDPK Dharmasena
t20s0622,RK Illingworth
t20s0623,AK Chaudhary
t20s0623,K Cross
t20s0624,IJ Gould
t20s0624,RA Kettleborough
t20s0625,CB Gaffaney
t20s0625,RJ Tucker
t20s0626,SD Fry
t20s0626,REJ Martinesz
t20s0627,BNJ Oxenford
t20s0627,JS Wilson
t20s0628,K Cross
t20s0628,CK Nandan
t20s0629,VA Kulkarni
t20s0629,CA Polosak
t20s0630,S Ravi
t20s0630,PR Reiffel
t20s0631,M Erasmus
t20s0631,NJ Llong
t20s0632,MA Gough
t20s0632,RSA Palliyaguruge
t20s0633,IJ Gould
t20s0633,RA Kettleborough
t20s0634,VA Kulkarni
t20s0634,CA Polosak
t20s0635,AK Chaudhary
t20s0635,CK Nandan
t20s0636,Aleem Dar
t20s0636,JD Cloete
t20s0637,CB Gaffaney
t20s0637,PR Reiffel
t20s0638,RSA Palliyaguruge
t20s0638,C Shamshuddin
t20s0639,IJ Gould
t20s0639,RA Kettleborough
t20s0640,REJ Martinesz
t20s0640,JS Wilson
t20s0641,RK Illingworth
t20s0641,NJ Llong
t20s0642,K Cross
t20s0642,CK Nandan
t20s0643,Aleem Dar
t20s0643,BNJ Oxenford
t20s0644,S Ravi
t20s0644,RJ Tucker
t20s0645,RSA Palliyaguruge
t20s0645,C Shamshuddin
t20s0646,CB Gaffaney
t20s0646,MA Gough
t20s0647,VA Kulkarni
t20s0647,CA Polosak
t20s0648,IJ Gould
t20s0648,RA Kettleborough
t20s0649,HDPK Dharmasena
t20s0649,M Erasmus
t20s0650,SD Fry
t20s0650,REJ Martinesz
t20s0651,CB Gaffaney
t20s0651,S Ravi
t20s0652,PR Reiffel
t20s0652,RJ Tucker
t20s0653,JD Cloete
t20s0653,MA Gough
t20s0654,AK Chaudhary
t20s0654,K Cross
t20s0655,RK Illingworth
t20s0655,NJ Llong
t20s0656,Aleem Dar
t20s0656,BNJ Oxenford
t20s0657,HDPK Dharmasena
t20s0657,M Erasmus
t20s0658,SD Fry
t20s0658,JS Wilson
t20s0659,S Ravi
t20s0659,RJ Tucker
t20s0660,CB Gaffaney
t20s0660,S Ravi
t20s0661,HDPK Dharmasena
t20s0661,RJ Tucker
t20s0662,RK Illingworth
t20s0662,NJ Llong
t20s0663,IJ Gould
t20s0663,RA Kettleborough
t20s0664,Aleem Dar
t20s0664,RK Illingworth
t20s0665,HDPK Dharmasena
t20s0665,RJ Tucker
t20s0666,TJ Matibiri
t20s0666,RB Tiffin
t20s0667,L Rusere
t20s0667,RB Tiffin
t20s0668,TJ Matibiri
t20s0668,RB Tiffin
t20s0669,MA Gough
t20s0669,RT Robinson
t20s0670,NGB Cook
t20s0670,RT Robinson
t20s0671,RJ Bailey
t20s0671,MA Gough
t20s0672,DJ Millns
t20s0672,MJ Saggers
t20s0673,N Duguid
t20s0673,JS Wilson
t20s0674,LS Reifer
t20s0674,JS Wilson
t20s0675,R Black
t20s0675,AJ Neill
t20s0676,R Black
t20s0676,AJ Neill
t20s0677,REJ Martinesz
t20s0677,RR Wimalasiri
t20s0678,MA Gough
t20s0678,RT Robinson
t20s0679,REJ Martinesz
t20s0679,RSA Palliyaguruge
t20s0680,Ahsan Raza
t20s0680,Shozab Raza
t20s0681,Ahmed Shahab
t20s0681,Shozab Raza
t20s0682,Ahsan Raza
t20s0682,Shozab Raza
t20s0683,JWHD Boteju
t20s0683,ID Gunawardene
t20s0684,K Cross
t20s0684,D Venter
t20s0685,BB Pradhan
t20s0685,Sarika Prasad
t20s0686,Ahmed Shah Durrani
t20s0686,Iftikhar Ali
t20s0687,Ahmed Shah Durrani
t20s0687,Akbar Ali
t20s0688,Akbar Ali
t20s0688,Iftikhar Ali
t20s0689,SB Haig
t20s0689,WR Knights
t20s0690,CM Brown
t20s0690,SB Haig
t20s0691,CM Brown
t20s0691,WR Knights
t20s0692,Iftikhar Ali
t20s0692,BB Pradhan
t20s0693,Ahmed Shah Pakteen
t20s0693,AJ Neill
t20s0694,AJT Dowdalls
t20s0694,Tabarak Dar
t20s0695,AJT Dowdalls
t20s0695,Tabarak Dar
t20s0696,Iftikhar Ali
t20s0696,AJ Neill
t20s0697,AJ Neill
t20s0697,Tabarak Dar
t20s0698,AJT Dowdalls
t20s0698,AJ Neill
t20s0699,Ahmed Shah Durrani
t20s0699,BB Pradhan
t20s0700,Ahmed Shah Pakteen
t20s0700,Iftikhar Ali
t20s0701,S George
t20s0701,AT Holdstock
t20s0702,BB Pradhan
t20s0702,Tabarak Dar
t20s0703,Ahmed Shah Pakteen
t20s0703,BB Pradhan
t20s0704,AJT Dowdalls
t20s0704,AJ Neill
t20s0705,AT Holdstock
t20s0705,BP Jele
t20s0706,S George
t20s0706,BP Jele
t20s0707,AK Chaudhary
t20s0707,Nitin Menon
t20s0708,AK Chaudhary
t20s0708,C Shamshuddin
t20s0709,AK Chaudhary
t20s0709,Nitin Menon
t20s0710,GA Abood
t20s0710,SAJ Craig
t20s0711,CM Brown
t20s0711,WR Knights
t20s0712,MD Martell
t20s0712,P Wilson
t20s0713,SAJ Craig
t20s0713,JD Ward
t20s0714,SD Fry
t20s0714,SJ Nogajski
t20s0715,GA Abood
t20s0715,JD Ward
t20s0716,MD Martell
t20s0716,P Wilson
t20s0717,Ahmed Shah Durrani
t20s0717,Ahmed Shah Pakteen
t20s0718,Ahmed Shah Durrani
t20s0718,Ahmed Shah Pakteen
t20s0719,Ahmed Shah Durrani
t20s0719,Ahmed Shah Pakteen
t20s0720,GO Brathwaite
t20s0720,JS Wilson
t20s0721,N Duguid
t20s0721,JS Wilson
t20s0722,GO Brathwaite
t20s0722,LS Reifer
t20s0723,GO Brathwaite
t20s0723,JS Wilson
t20s0724,REJ Martinesz
t20s0724,RR Wimalasiri
t20s0725,REJ Martinesz
t20s0725,RSA Palliyaguruge
t20s0726,Akbar Ali
t20s0726,Shozab Raza
t20s0727,Akbar Ali
t20s0727,Shozab Raza
t20s0728,Akbar Ali
t20s0728,Shozab Raza
t20s0729,GO Brathwaite
t20s0729,N Duguid
t20s0730,GO Brathwaite
t20s0730,JS Wilson
t20s0731,LS Reifer
t20s0731,JS Wilson
t20s0732,RJ Bailey
t20s0732,RT Robinson
t20s0733,RJ Bailey
t20s0733,MA Gough
t20s0734,MA Gough
t20s0734,RT Robinson
t20s0735,N Duguid
t20s0735,LS Reifer
t20s0736,REJ Martinesz
t20s0736,RSA Palliyaguruge
t20s0737,Aleem Dar
t20s0737,Ahsan Raza
t20s0738,Ahmed Shahab
t20s0738,Shozab Raza
t20s0739,Shozab Raza
t20s0739,Ahsan Raza
t20s0740,RT Robinson
t20s0740,MA Gough
t20s0741,C Shamshuddin
t20s0741,Nitin Menon
t20s0742,Nitin Menon
t20s0742,CK Nandan
t20s0743,JM Williams
t20s0743,CM Tuckett
t20s0744,Shozab Raza
t20s0744,Ahsan Raza
t20s0745,AT Holdstock
t20s0745,S George
t20s0746,Ahmed Shahab
t20s0746,Shozab Raza
t20s0747,Ahmed Shahab
t20s0747,Ahsan Raza
t20s0748,BP Jele
t20s0748,S George
t20s0749,C Shamshuddin
t20s0749,Nitin Menon
t20s0750,AK Chaudhary
t20s0750,CK Nandan
t20s0751,AK Chaudhary
t20s0751,Nitin Menon
t20s0752,Ahmed Shahab
t20s0752,Rashid Riaz
t20s0753,Khalid Mahmood
t20s0753,Rashid Riaz
t20s0754,Ahmed Shahab
t20s0754,Khalid Mahmood
t20s0755,GC Joshua
t20s0755,SAJ Craig
t20s0756,JD Ward
t20s0756,GC Joshua
t20s0757,JD Ward
t20s0757,SAJ Craig
t20s0758,Nitin Menon
t20s0758,CK Nandan
t20s0759,AK Chaudhary
t20s0759,CK Nandan
t20s0760,AK Chaudhary
t20s0760,Nitin Menon
t20s0761,CM Brown
t20s0761,WR Knights
t20s0762,CM Brown
t20s0762,SB Haig
t20s0763,SB Haig
t20s0763,WR Knights
t20s0764,CM Brown
t20s0764,WR Knights
t20s0765,CM Brown
t20s0765,SB Haig
t20s0766,SB Haig
t20s0766,WR Knights
t20s0767,CM Brown
t20s0767,SD Fry
t20s0768,Bismillah Shinwari
t20s0768,Ahmed Shah Durrani
t20s0769,Ahmed Shah Durrani
t20s0769,Izatullah Safi
t20s0770,GA Abood
t20s0770,SD Fry
t20s0771,CM Brown
t20s0771,SJ Nogajski
t20s0772,Siphelele Gasa
t20s0772,LB Gcuma
t20s0773,SB Haig
t20s0773,WR Knights
t20s0774,Sharfuddoula
t20s0774,Anisur Rahman
t20s0775,Siphelele Gasa
t20s0775,Stephen Harris
t20s0776,P Wilson
t20s0776,SB Haig
t20s0777,Sharfuddoula
t20s0777,Masudur Rahman
t20s0778,LB Gcuma
t20s0778,Stephen Harris
t20s0779,AT Holdstock
t20s0779,S George
t20s0780,CM Brown
t20s0780,P Wilson
t20s0781,Siphelele Gasa
t20s0781,Stephen Harris
t20s0782,A Paleker
t20s0782,BP Jele
t20s0783,CM Brown
t20s0783,WR Knights
t20s0784,Siphelele Gasa
t20s0784,LB Gcuma
t20s0785,BP Jele
t20s0785,S George
t20s0786,REJ Martinesz
t20s0786,RR Wimalasiri
t20s0787,REJ Martinesz
t20s0787,LE Hannibal
t20s0788,REJ Martinesz
t20s0788,RR Wimalasiri
t20s0789,REJ Martinesz
t20s0789,LE Hannibal
t20s0790,BF Bowden
t20s0790,K Cross
t20s0791,REJ Martinesz
t20s0791,RR Wimalasiri
t20s0792,BF Bowden
t20s0792,K Cross
t20s0793,RR Wimalasiri
t20s0793,RSA Palliyaguruge
t20s0794,RR Wimalasiri
t20s0794,RSA Palliyaguruge
t20s0795,BF Bowden
t20s0795,Kim Cotton
t20s0796,KN Ananthapadmanabhan
t20s0796,HAS Khalid
t20s0797,UV Gandhe
t20s0797,R Pandit
t20s0798,DJ Walker
t20s0798,Kim Cotton
t20s0799,UV Gandhe
t20s0799,HAS Khalid
t20s0800,KN Ananthapadmanabhan
t20s0800,R Pandit
t20s0801,RA Kottahachchi
t20s0801,WN de Silva
t20s0802,UV Gandhe
t20s0802,KN Ananthapadmanabhan
t20s0803,HAS Khalid
t20s0803,R Pandit
t20s0804,AG Dissanayake
t20s0804,PN Udawatta
t20s0805,KN Ananthapadmanabhan
t20s0805,R Pandit
t20s0806,Shozab Raza
t20s0806,Ahsan Raza
t20s0807,Ahmed Shahab
t20s0807,Shozab Raza
t20s0808,Aleem Dar
t20s0808,Ahsan Raza
t20s0809,BP Jele
t20s0809,S George
t20s0810,AT Holdstock
t20s0810,S George
t20s0811,AG Wharf
t20s0811,RJ Bailey
t20s0812,B Ramani
t20s0812,V Kalidas
t20s0813,BB Pradhan
t20s0813,Sarika Prasad
t20s0814,Masudur Rahman
t20s0814,Sarika Prasad
t20s0815,B Ramani
t20s0815,N Sivan
t20s0816,REJ Martinesz
t20s0816,V Kalidas
t20s0817,Bismillah Shinwari
t20s0817,Izatullah Safi
t20s0818,Shozab Raza
t20s0818,B Ramani
t20s0819,REJ Martinesz
t20s0819,BB Pradhan
t20s0820,Masudur Rahman
t20s0820,Nitin Menon
t20s0821,AA Baig
t20s0821,AJ Neill
t20s0822,Shozab Raza
t20s0822,Masudur Rahman
t20s0823,Nitin Menon
t20s0823,Sarika Prasad
t20s0824,N Sivan
t20s0824,V Kalidas
t20s0825,Ahmed Shah Pakteen
t20s0825,Izatullah Safi
t20s0826,Shozab Raza
t20s0826,BB Pradhan
t20s0827,N Sivan
t20s0827,V Kalidas
t20s0828,REJ Martinesz
t20s0828,Masudur Rahman
t20s0829,REJ Martinesz
t20s0829,Shozab Raza
t20s0830,AJ Neill
t20s0830,Rizwan Akram
t20s0831,AJT Dowdalls
t20s0831,DA Haggo
t20s0832,Rizwan Akram
t20s0832,WPM van Liemt
t20s0833,AJT Dowdalls
t20s0833,IN Ramage
t20s0834,HKG Jansen
t20s0834,AJ Neill
t20s0835,WPM van Liemt
t20s0835,DA Haggo
t20s0836,HKG Jansen
t20s0836,DA Haggo
t20s0837,DA Haggo
t20s0837,HKG Jansen
t20s0838,JH Evans
t20s0838,DJ Millns
t20s0839,DJ Millns
t20s0839,AG Wharf
t20s0840,MJ Saggers
t20s0840,JH Evans
t20s0841,MJ Saggers
t20s0841,AG Wharf
t20s0842,M Hawthorne
t20s0842,R Black
t20s0843,MA Gough
t20s0843,AG Wharf
t20s0844,R Black
t20s0844,AJ Neill
t20s0845,NL Bainton
t20s0845,AG Wharf
t20s0846,DJ Millns
t20s0846,AG Wharf
t20s0847,R Black
t20s0847,AJ Neill
t20s0848,AA Baig
t20s0848,PA Reynolds
t20s0849,RB Tiffin
t20s0849,TJ Matibiri
t20s0850,NL Bainton
t20s0850,AG Wharf
t20s0851,RB Tiffin
t20s0851,TJ Matibiri
t20s0852,TJ Matibiri
t20s0852,L Rusere
t20s0853,AG Wharf
t20s0853,RJ Bailey
t20s0854,I Chabi
t20s0854,L Rusere
t20s0855,RB Tiffin
t20s0855,L Rusere
t20s0856,RB Tiffin
t20s0856,TJ Matibiri
t20s0857,RT Robinson
t20s0857,MA Gough
t20s0858,CA Polosak
t20s0858,WPM van Liemt
t20s0859,Ahmed Shah Pakteen
t20s0859,JM Williams
t20s0860,CA Polosak
t20s0860,R Black
t20s0861,JM Williams
t20s0861,S Redfern
t20s0862,JM Williams
t20s0862,S Redfern
t20s0863,CA Polosak
t20s0863,R Black
t20s0864,S Redfern
t20s0864,WPM van Liemt
t20s0865,RB Tiffin
t20s0865,L Rusere
t20s0866,RT Robinson
t20s0866,RJ Bailey
t20s0867,Ahmed Shah Pakteen
t20s0867,S Redfern
t20s0868,R Black
t20s0868,WPM van Liemt
t20s0869,Ahmed Shah Pakteen
t20s0869,JM Williams
t20s0870,CA Polosak
t20s0870,WPM van Liemt
t20s0871,R Black
t20s0871,WPM van Liemt
t20s0872,CA Polosak
t20s0872,S Redfern
t20s0873,Ahmed Shah Pakteen
t20s0873,R Black
t20s0874,CA Polosak
t20s0874,JM Williams
t20s0875,CA Polosak
t20s0875,S Redfern
t20s0876,R Black
t20s0876,WPM van Liemt
t20s0877,CA Polosak
t20s0877,JM Williams
t20s0878,Ahmed Shah Pakteen
t20s0878,R Black
t20s0879,Rizwan Akram
t20s0879,DA Haggo
t20s0880,JS Wilson
t20s0880,GO Brathwaite
t20s0881,LS Reifer
t20s0881,JS Wilson
t20s0882,N Duguid
t20s0882,GO Brathwaite
t20s0883,REJ Martinesz
t20s0883,RSA Palliyaguruge
t20s0884,
t20s0885,
t20s0886,R Black
t20s0886,AJ Neill
t20s0887,
t20s0888,
t20s0889,
t20s0890,M Hawthorne
t20s0890,PA Reynolds
t20s0891,
t20s0892,
t20s0893,
t20s0894,
t20s0895,
t20s0896,
t20s0897,
t20s0898,RR Wimalasiri
t20s0898,PN Udawatta
t20s0899,RMPJ Rambukwella
t20s0899,LE Hannibal
t20s0900,JWHD Boteju
t20s0900,REJ Martinesz
t20s0901,RR Wimalasiri
t20s0901,RMPJ Rambukwella
t20s0902,JS Wilson
t20s0902,Zahid Bassarath
t20s0903,SJ Nogajski
t20s0903,PJ Gillespie
t20s0904,PJ Gillespie
t20s0904,SAJ Craig
t20s0905,JM Williams
t20s0905,Zahid Bassarath
t20s0906,SAJ Craig
t20s0906,SJ Nogajski
t20s0907,JS Wilson
t20s0907,JM Williams
t20s0908,AT Holdstock
t20s0908,S George
t20s0909,A Paleker
t20s0909,S George
t20s0910,Akbar Ali
t20s0910,Iftikhar Ali
t20s0911,Shozab Raza
t20s0911,Ahsan Raza
t20s0912,Zameer Haider
t20s0912,Faisal Afridi
t20s0913,Asif Yaqoob
t20s0913,Ahsan Raza
t20s0914,Zameer Haider
t20s0914,Faisal Afridi
t20s0915,REJ Martinesz
t20s0915,RR Wimalasiri
t20s0916,Shozab Raza
t20s0916,Rashid Riaz
t20s0917,V Kalidas
t20s0917,Zameer Haider
t20s0918,Asif Yaqoob
t20s0918,Shozab Raza
t20s0919,Shozab Raza
t20s0919,Rashid Riaz
t20s0920,C Shamshuddin
t20s0920,CK Nandan
t20s0921,Asif Yaqoob
t20s0921,Rashid Riaz
t20s0922,AK Chaudhary
t20s0922,CK Nandan
t20s0923,S Redfern
t20s0923,L Rusere
t20s0924,JM Williams
t20s0924,S George
t20s0925,CA Polosak
t20s0925,GO Brathwaite
t20s0926,C Shamshuddin
t20s0926,AK Chaudhary
t20s0927,L Rusere
t20s0927,WR Knights
t20s0928,S Redfern
t20s0928,GO Brathwaite
t20s0929,Sharfuddoula
t20s0929,NN Menon
t20s0930,JM Williams
t20s0930,SJ Nogajski
t20s0931,L Rusere
t20s0931,S George
t20s0932,CA Polosak
t20s0932,GO Brathwaite
t20s0933,Sharfuddoula
t20s0933,Ahsan Raza
t20s0934,JM Williams
t20s0934,Nitin Menon
t20s0935,CA Polosak
t20s0935,S George
t20s0936,L Rusere
t20s0936,WR Knights
t20s0937,Sharfuddoula
t20s0937,SJ Nogajski
t20s0938,Ahsan Raza
t20s0938,Kim Cotton
t20s0939,S Redfern
t20s0939,S George
t20s0940,GO Brathwaite
t20s0940,WR Knights
t20s0941,P Wilson
t20s0941,GA Abood
t20s0942,JM Williams
t20s0942,SJ Nogajski
t20s0943,Nitin Menon
t20s0943,Kim Cotton
t20s0944,P Wilson
t20s0944,SD Fry
t20s0945,CA Polosak
t20s0945,S George
t20s0946,L Rusere
t20s0946,Nitin Menon
t20s0947,GA Abood
t20s0947,SD Fry
t20s0948,L Rusere
t20s0948,S George
t20s0949,P Wilson
t20s0949,GA Abood
t20s0950,Sharfuddoula
t20s0950,Tanvir Ahmed
t20s0951,Tanvir Ahmed
t20s0951,Gazi Sohel
t20s0952,Tanvir Ahmed
t20s0952,Masudur Rahman
t20s0953,SB Haig
t20s0953,WR Knights
t20s0954,Asif Yaqoob
t20s0954,Rashid Riaz
t20s0955,Akbar Ali
t20s0955,Iftikhar Ali
t20s0956,Ahsan Raza
t20s0956,Rashid Riaz
t20s0957,Iftikhar Ali
t20s0957,Shiju Sam
t20s0958,BM White
t20s0958,Lauren Agenbag
t20s0959,BP Jele
t20s0959,AT Holdstock
t20s0960,Ahsan Raza
t20s0960,Asif Yaqoob
t20s0961,Akbar Ali
t20s0961,Shiju Sam
t20s0962,A Paleker
t20s0962,AT Holdstock
t20s0963,LB Gcuma
t20s0963,BM White
t20s0964,BF Bowden
t20s0964,Kim Cotton
t20s0965,CM Brown
t20s0965,SB Haig
t20s0966,BP Jele
t20s0966,AT Holdstock
t20s0967,BF Bowden
t20s0967,A Mehrotra
t20s0968,CM Brown
t20s0968,WR Knights
t20s0969,Kim Cotton
t20s0969,A Mehrotra
t20s0970,SB Haig
t20s0970,WR Knights
t20s0971,Rahul Asher
t20s0971,Ahsan Raza
t20s0972,Rahul Asher
t20s0972,Ahsan Raza
t20s0973,Rahul Asher
t20s0973,Ahsan Raza
t20s0974,Rahul Asher
t20s0974,Ahsan Raza
t20s0975,Rahul Asher
t20s0975,Ahsan Raza
t20s0976,Rahul Asher
t20s0976,Ahsan Raza
t20s0977,VK Jha
t20s0977,V Kalidas
t20s0978,VK Jha
t20s0978,DN Subedi
t20s0979,Sharfuddoula
t20s0979,Tabarak Dar
t20s0980,DN Subedi
t20s0980,V Kalidas
t20s0981,Sharfuddoula
t20s0981,Akbar Ali
t20s0982,Akbar Ali
t20s0982,Tabarak Dar
t20s0983,Akbar Ali
t20s0983,DN Subedi
t20s0984,Akbar Ali
t20s0984,Tabarak Dar
t20s0985,Sharfuddoula
t20s0985,VK Jha
t20s0986,Ahmed Shah Pakteen
t20s0986,Izatullah Safi
t20s0987,VK Jha
t20s0987,Tabarak Dar
t20s0988,Sharfuddoula
t20s0988,DN Subedi
t20s0989,V Kalidas
t20s0989,Tabarak Dar
t20s0990,Bismillah Shinwari
t20s0990,Ahmed Shah Durrani
t20s0991,Akbar Ali
t20s0991,V Kalidas
t20s0992,DN Subedi
t20s0992,V Kalidas
t20s0993,Sharfuddoula
t20s0993,VK Jha
t20s0994,C Shamshuddin
t20s0994,Nitin Menon
t20s0995,Ahmed Shah Durrani
t20s0995,Izatullah Safi
t20s0996,Akbar Ali
t20s0996,VK Jha
t20s0997,Sharfuddoula
t20s0997,V Kalidas
t20s0998,Sharfuddoula
t20s0998,DN Subedi
t20s0999,VK Jha
t20s0999,Tabarak Dar
t20s1000,Akbar Ali
t20s1000,Tabarak Dar
t20s1001,AK Chaudhary
t20s1001,CK Nandan
t20s1002,N Pandit
t20s1002,A Deshmukh
t20s1003,N Duguid
t20s1003,GO Brathwaite
t20s1004,N Pandit
t20s1004,A Deshmukh
t20s1005,LS Reifer
t20s1005,GO Brathwaite
t20s1006,N Pandit
t20s1006,A Deshmukh
t20s1007,N Duguid
t20s1007,LS Reifer
t20s1008,Akbar Ali
t20s1008,Iftikhar Ali
t20s1009,Akbar Ali
t20s1009,Shiju Sam
t20s1010,BP Jele
t20s1010,AT Holdstock
t20s1011,Tabarak Dar
t20s1011,SD Fry
t20s1012,SD Fry
t20s1012,V Kalidas
t20s1013,BP Jele
t20s1013,S George
t20s1014,A Kapa
t20s1014,V Kalidas
t20s1015,A Kapa
t20s1015,Tabarak Dar
t20s1016,V Kalidas
t20s1016,Tabarak Dar
t20s1017,A Kapa
t20s1017,SD Fry
t20s1018,EJAPAM Jayasooriya
t20s1018,WN de Silva
t20s1019,A Paleker
t20s1019,AT Holdstock
t20s1020,JWHD Boteju
t20s1020,RR Wimalasiri
t20s1021,RR Wimalasiri
t20s1021,ID Gunawardene
t20s1022,Hannes van Vuuren
t20s1022,Hein Heydenrych
t20s1023,Pieter Groenewald
t20s1023,Hein Heydenrych
t20s1024,Pieter Groenewald
t20s1024,Hein Heydenrych
t20s1025,Pieter Groenewald
t20s1025,Hannes van Vuuren
t20s1026,Hannes van Vuuren
t20s1026,Hein Heydenrych
t20s1027,IO Oyieko
t20s1027,A Louw
t20s1028,A Louw
t20s1028,R D'Mello
t20s1029,MA Gough
t20s1029,AG Wharf
t20s1030,Suresh Subramanian
t20s1030,SJ Nogajski
t20s1031,ZK Shem
t20s1031,SJ Nogajski
t20s1032,Kim Cotton
t20s1032,IA Thomson
t20s1033,Justine Muzungu
t20s1033,PM Musoke
t20s1034,IO Oyieko
t20s1034,Lauren Agenbag
t20s1035,R D'Mello
t20s1035,Lauren Agenbag
t20s1036,ZK Shem
t20s1036,Suresh Subramanian
t20s1037,R D'Mello
t20s1037,PM Musoke
t20s1038,A Louw
t20s1038,Justine Muzungu
t20s1039,Justine Muzungu
t20s1039,Lauren Agenbag
t20s1040,ZK Shem
t20s1040,IA Thomson
t20s1041,Suresh Subramanian
t20s1041,Kim Cotton
t20s1042,SJ Nogajski
t20s1042,IA Thomson
t20s1043,IO Oyieko
t20s1043,Patric Makumbi
t20s1044,Suresh Subramanian
t20s1044,IA Thomson
t20s1045,A Kapa
t20s1045,Suresh Subramanian
t20s1046,Kim Cotton
t20s1046,ZK Shem
t20s1047,IO Oyieko
t20s1047,Justine Muzungu
t20s1048,R D'Mello
t20s1048,Patric Makumbi
t20s1049,IO Oyieko
t20s1049,Lauren Agenbag
t20s1050,Lauren Agenbag
t20s1050,AT Holdstock
t20s1051,AR Maddela
t20s1051,SN Bandekar
t20s1052,BP Jele
t20s1052,AT Holdstock
t20s1053,JM Williams
t20s1053,SN Bandekar
t20s1054,BP Jele
t20s1054,Lauren Agenbag
t20s1055,Emmanuel Byiringiro
t20s1055,D Odhiambo
t20s1056,Kehinde Olanbiwonnu
t20s1056,I Chabi
t20s1057,Emmanuel Byiringiro
t20s1057,I Chabi
t20s1058,L Rusere
t20s1058,D Odhiambo
t20s1059,A Louw
t20s1059,Kehinde Olanbiwonnu
t20s1060,I Chabi
t20s1060,A Louw
t20s1061,L Rusere
t20s1061,Emmanuel Byiringiro
t20s1062,D Odhiambo
t20s1062,Kehinde Olanbiwonnu
t20s1063,Lauren Agenbag
t20s1063,AT Holdstock
t20s1064,A Louw
t20s1064,D Odhiambo
t20s1065,BP Jele
t20s1065,Lauren Agenbag
t20s1066,Rizwan Akram
t20s1066,Adriaan van den Dries
t20s1067,AA Baig
t20s1067,PA Reynolds
t20s1068,M Hawthorne
t20s1068,Philip Thompson
t20s1069,M Hawthorne
t20s1069,AA Baig
t20s1070,Adriaan van den Dries
t20s1070,AG Wharf
t20s1071,Adriaan van den Dries
t20s1071,DA Haggo
t20s1072,AG Wharf
t20s1072,MV Waldron
t20s1073,Rizwan Akram
t20s1073,DA Haggo
t20s1074,HE Kearns
t20s1074,MV Waldron
t20s1075,John Mayeku
t20s1075,Vicky Prajapati
t20s1076,Vicky Prajapati
t20s1076,Jackson Nzayisenga
t20s1077,Rizwan Akram
t20s1077,Adriaan van den Dries
t20s1078,John Mayeku
t20s1078,Jackson Nzayisenga
t20s1079,HE Kearns
t20s1079,MV Waldron
t20s1080,Rizwan Akram
t20s1080,AG Wharf
t20s1081,HE Kearns
t20s1081,Adriaan van den Dries
t20s1082,Rizwan Akram
t20s1082,MV Waldron
t20s1083,Rizwan Akram
t20s1083,Adriaan van den Dries
t20s1084,DA Haggo
t20s1084,AG Wharf
t20s1085,HE Kearns
t20s1085,DA Haggo
t20s1086,M Burns
t20s1086,RJ Bailey
t20s1087,HKG Jansen
t20s1087,Rizwan Akram
t20s1088,Mathan Kumar
t20s1088,V Kalidas
t20s1089,Rizwan Akram
t20s1089,HKG Jansen
t20s1090,AJT Dowdalls
t20s1090,WPM van Liemt
t20s1091,L Poobalan
t20s1091,V Kalidas
t20s1092,AJT Dowdalls
t20s1092,WPM van Liemt
t20s1093,AJT Dowdalls
t20s1093,R Hassan
t20s1094,Zaidan Taha
t20s1094,V Kalidas
t20s1095,V Kalidas
t20s1095,Izmir Azraf
t20s1096,R Hassan
t20s1096,WPM van Liemt
t20s1097,N Sivan
t20s1097,V Kalidas
t20s1098,M Hawthorne
t20s1098,R Black
t20s1099,V Kalidas
t20s1099,D Sevakumaran
t20s1100,N Sivan
t20s1100,V Kalidas
t20s1101,R Black
t20s1101,AJ Neill
t20s1102,Tabarak Dar
t20s1102,BB Pradhan
t20s1103,V Kalidas
t20s1103,BB Pradhan
t20s1104,V Kalidas
t20s1104,Tabarak Dar
t20s1105,V Kalidas
t20s1105,Tabarak Dar
t20s1106,Tabarak Dar
t20s1106,BB Pradhan
t20s1107,V Kalidas
t20s1107,BB Pradhan
t20s1108,M Burns
t20s1108,AG Wharf
t20s1109,Tabarak Dar
t20s1109,BB Pradhan
t20s1110,V Kalidas
t20s1110,Tabarak Dar
t20s1111,V Kalidas
t20s1111,Tabarak Dar
t20s1112,M Burns
t20s1112,AG Wharf
t20s1113,M Burns
t20s1113,AG Wharf
t20s1114,N Duguid
t20s1114,GO Brathwaite
t20s1115,N Duguid
t20s1115,GO Brathwaite
t20s1116,Rizwan Akram
t20s1116,HKG Jansen
t20s1117,N Duguid
t20s1117,LS Reifer
t20s1118,HKG Jansen
t20s1118,WPM van Liemt
t20s1119,Ryan Milne
t20s1119,PA Reynolds
t20s1120,Ryan Milne
t20s1120,HKG Jansen
t20s1121,PA Reynolds
t20s1121,HKG Jansen
t20s1122,Ryan Milne
t20s1122,WPM van Liemt
t20s1123,Ryan Milne
t20s1123,PA Reynolds
t20s1124,PA Reynolds
t20s1124,HKG Jansen
t20s1125,PA Reynolds
t20s1125,WPM van Liemt
t20s1126,Ryan Milne
t20s1126,WPM van Liemt
t20s1127,HKG Jansen
t20s1127,Adriaan van den Dries
t20s1128,Ryan Milne
t20s1128,PA Reynolds
t20s1129,JM Williams
t20s1129,Emmerson Carrington
t20s1130,N Duguid
t20s1130,H Grewal
t20s1131,Marthinus Louw
t20s1131,C Thorburn
t20s1132,Emmerson Carrington
t20s1132,H Grewal
t20s1133,N Duguid
t20s1133,JM Williams
t20s1134,A Louw
t20s1134,Claus Schumacher
t20s1135,N Duguid
t20s1135,Emmerson Carrington
t20s1136,JM Williams
t20s1136,H Grewal
t20s1137,Marthinus Louw
t20s1137,C Thorburn
t20s1138,JM Williams
t20s1138,H Grewal
t20s1139,N Duguid
t20s1139,Emmerson Carrington
t20s1140,JJ Luck
t20s1140,Marthinus Louw
t20s1141,Emmerson Carrington
t20s1141,H Grewal
t20s1142,N Duguid
t20s1142,H Grewal
t20s1143,JM Williams
t20s1143,Emmerson Carrington
t20s1144,Pramesh Parab
t20s1144,Sathish Balasubramaniam
t20s1145,Ravi Putcha
t20s1145,T Senthil Kumar
t20s1146,Dharmalngam Suresh
t20s1146,Foyes Ahmed
t20s1147,S Redfern
t20s1147,Kim Cotton
t20s1148,Lauren Agenbag
t20s1148,S Redfern
t20s1149,JM Williams
t20s1149,Eloise Sheridan
t20s1150,Lauren Agenbag
t20s1150,Kim Cotton
t20s1151,CA Polosak
t20s1151,Eloise Sheridan
t20s1152,RR Wimalasiri
t20s1152,RMPJ Rambukwella
t20s1153,S Redfern
t20s1153,Eloise Sheridan
t20s1154,CA Polosak
t20s1154,Lauren Agenbag
t20s1155,JM Williams
t20s1155,Eloise Sheridan
t20s1156,Lauren Agenbag
t20s1156,Kim Cotton
t20s1157,JM Williams
t20s1157,S Redfern
t20s1158,RR Wimalasiri
t20s1158,LE Hannibal
t20s1159,Kim Cotton
t20s1159,JM Williams
t20s1160,Eloise Sheridan
t20s1160,CA Polosak
t20s1161,S Redfern
t20s1161,Eloise Sheridan
t20s1162,LE Hannibal
t20s1162,RMPJ Rambukwella
t20s1163,Lauren Agenbag
t20s1163,S Redfern
t20s1164,CA Polosak
t20s1164,JM Williams
t20s1165,S Redfern
t20s1165,Eloise Sheridan
t20s1166,Kim Cotton
t20s1166,CA Polosak
t20s1167,Eric Hirwa
t20s1167,Patric Makumbi
t20s1168,Sharfuddoula
t20s1168,Masudur Rahman
t20s1169,Jonathan Blades
t20s1169,Verdayne Smith
t20s1170,Sharfuddoula
t20s1170,Gazi Sohel
t20s1171,Masudur Rahman
t20s1171,Gazi Sohel
t20s1172,DH Mclean
t20s1172,AJ Neill
t20s1173,Christopher Taylor
t20s1173,Verdayne Smith
t20s1174,Rizwan Akram
t20s1174,AJ Neill
t20s1175,Rizwan Akram
t20s1175,DH Mclean
t20s1176,Christopher Taylor
t20s1176,Jonathan Blades
t20s1177,Tanvir Ahmed
t20s1177,Masudur Rahman
t20s1178,C Shamshuddin
t20s1178,AK Chaudhary
t20s1179,DH Mclean
t20s1179,AJ Neill
t20s1180,Ryu Roni
t20s1180,Shahid Gill
t20s1181,Ryu Roni
t20s1181,Shahid Gill
t20s1182,Ryu Roni
t20s1182,Shahid Gill
t20s1183,Ryu Roni
t20s1183,Shahid Gill
t20s1184,Sharfuddoula
t20s1184,Tanvir Ahmed
t20s1185,Masudur Rahman
t20s1185,Gazi Sohel
t20s1186,Ryu Roni
t20s1186,Shahid Gill
t20s1187,Nitin Menon
t20s1187,CK Nandan
t20s1188,J Madanagopal
t20s1188,Chirra Ravikanthreddy
t20s1189,Akbar Ali
t20s1189,A Natarajan
t20s1190,Akbar Ali
t20s1190,Hardeep Jadeja
t20s1191,D Sevakumaran
t20s1191,Izmir Azraf
t20s1192,Akbar Ali
t20s1192,B Manikandan
t20s1193,PJ Gillespie
t20s1193,SAJ Craig
t20s1194,CA Polosak
t20s1194,SAJ Craig
t20s1195,Rudy Ismandy
t20s1195,V Kalidas
t20s1196,Akbar Ali
t20s1196,T Senthil Kumar
t20s1197,Chirra Ravikanthreddy
t20s1197,YC Barde
t20s1198,Zaidan Taha
t20s1198,Mathan Kumar
t20s1199,PJ Gillespie
t20s1199,CA Polosak
t20s1200,J Madanagopal
t20s1200,YC Barde
t20s1201,Rudy Ismandy
t20s1201,V Kalidas
t20s1202,Hardeep Jadeja
t20s1202,A Natarajan
t20s1203,Rudy Ismandy
t20s1203,N Sivan
t20s1204,YC Barde
t20s1204,Chirra Ravikanthreddy
t20s1205,Aleem Dar
t20s1205,Ahsan Raza
t20s1206,Vinod Babu
t20s1206,Rashid Riaz
t20s1207,Rahul Asher
t20s1207,Rashid Riaz
t20s1208,Harikrishna Pillai
t20s1208,Rashid Riaz
t20s1209,Asif Yaqoob
t20s1209,Aleem Dar
t20s1210,Harikrishna Pillai
t20s1210,Rashid Riaz
t20s1211,Vinod Babu
t20s1211,Rashid Riaz
t20s1212,Shozab Raza
t20s1212,Aleem Dar
t20s1213,Harikrishna Pillai
t20s1213,Rahul Asher
t20s1214,Rahul Asher
t20s1214,Vinod Babu
t20s1215,Rahul Asher
t20s1215,Vinod Babu
t20s1216,Harikrishna Pillai
t20s1216,Vinod Babu
t20s1217,A Paleker
t20s1217,AG Wharf
t20s1218,CM Brown
t20s1218,RR Wimalasiri
t20s1219,SJ Nogajski
t20s1219,S Ravi
t20s1220,Ahsan Raza
t20s1220,R Black
t20s1221,SJ Nogajski
t20s1221,Rashid Riaz
t20s1222,Ahmed Shah Pakteen
t20s1222,Ahsan Raza
t20s1223,Sharfuddoula
t20s1223,RR Wimalasiri
t20s1224,LE Hannibal
t20s1224,AG Wharf
t20s1225,CM Brown
t20s1225,R Black
t20s1226,A Paleker
t20s1226,S Ravi
t20s1227,CM Brown
t20s1227,Sharfuddoula
t20s1228,LE Hannibal
t20s1228,Rashid Riaz
t20s1229,Ahmed Shah Pakteen
t20s1229,R Black
t20s1230,LE Hannibal
t20s1230,Rashid Riaz
t20s1231,Ahmed Shah Pakteen
t20s1231,RR Wimalasiri
t20s1232,A Paleker
t20s1232,SJ Nogajski
t20s1233,AG Wharf
t20s1233,S Ravi
t20s1234,Ahsan Raza
t20s1234,Sharfuddoula
t20s1235,Sharfuddoula
t20s1235,Ahmed Shah Pakteen
t20s1236,Ahsan Raza
t20s1236,R Black
t20s1237,CM Brown
t20s1237,SJ Nogajski
t20s1238,RR Wimalasiri
t20s1238,S Ravi
t20s1239,Ahmed Shah Pakteen
t20s1239,LE Hannibal
t20s1240,R Black
t20s1240,AG Wharf
t20s1241,Sharfuddoula
t20s1241,Rashid Riaz
t20s1242,A Paleker
t20s1242,Ahsan Raza
t20s1243,CM Brown
t20s1243,A Paleker
t20s1244,RR Wimalasiri
t20s1244,Rashid Riaz
t20s1245,LE Hannibal
t20s1245,S Ravi
t20s1246,AG Wharf
t20s1246,SJ Nogajski
t20s1247,
t20s1248,Sharfuddoula
t20s1248,R Black
t20s1249,LE Hannibal
t20s1249,AG Wharf
t20s1250,RR Wimalasiri
t20s1250,Ahsan Raza
t20s1251,A Paleker
t20s1251,SJ Nogajski
t20s1252,Asif Yaqoob
t20s1252,Tariq Rasheed
t20s1253,
t20s1254,
t20s1255,
t20s1256,LE Hannibal
t20s1256,SJ Nogajski
t20s1257,Rashid Riaz
t20s1257,S Ravi
t20s1258,CM Brown
t20s1258,Ahmed Shah Pakteen
t20s1259,
t20s1260,Ahmed Shah Pakteen
t20s1260,Ahsan Raza
t20s1261,A Paleker
t20s1261,Rashid Riaz
t20s1262,CM Brown
t20s1262,R Black
t20s1263,Sharfuddoula
t20s1263,RR Wimalasiri
t20s1264,AG Wharf
t20s1264,S Ravi
t20s1265,P Wilson
t20s1265,GA Abood
t20s1266,CM Brown
t20s1266,S Ravi
t20s1267,LE Hannibal
t20s1267,R Black
t20s1268,A Paleker
t20s1268,SJ Nogajski
t20s1269,Ahsan Raza
t20s1269,AG Wharf
t20s1270,P Wilson
t20s1270,GA Abood
t20s1271,RR Wimalasiri
t20s1271,Rashid Riaz
t20s1272,A Paleker
t20s1272,SJ Nogajski
t20s1273,Sharfuddoula
t20s1273,AG Wharf
t20s1274,SB Haig
t20s1274,WR Knights
t20s1275,P Wilson
t20s1275,SAJ Craig
t20s1276,Ahsan Raza
t20s1276,SJ Nogajski
t20s1277,A Paleker
t20s1277,AG Wharf
t20s1278,SB Haig
t20s1278,WR Knights
t20s1279,Nitin Menon
t20s1279,CK Nandan
t20s1280,P Wilson
t20s1280,GA Abood
t20s1281,CM Brown
t20s1281,WR Knights
t20s1282,GA Abood
t20s1282,SAJ Craig
t20s1283,C Shamshuddin
t20s1283,Nitin Menon
t20s1284,SB Haig
t20s1284,CB Gaffaney
t20s1285,P Wilson
t20s1285,SJ Nogajski
t20s1286,JM Williams
t20s1286,Zahid Bassarath
t20s1287,PA Gustard
t20s1287,JM Williams
t20s1288,CB Gaffaney
t20s1288,WR Knights
t20s1289,AK Chaudhary
t20s1289,CK Nandan
t20s1290,PA Gustard
t20s1290,Zahid Bassarath
t20s1291,Ahmed Shah Pakteen
t20s1291,Ahmed Shah Durrani
t20s1292,Ahmed Shah Durrani
t20s1292,Izatullah Safi
t20s1293,JM Williams
t20s1293,Zahid Bassarath
t20s1294,Ahmed Shah Pakteen
t20s1294,Izatullah Safi
t20s1295,PA Gustard
t20s1295,JM Williams
t20s1296,Adhip Pradhan
t20s1296,Basu Karn
t20s1297,Adhip Pradhan
t20s1297,Basu Karn
t20s1298,Basu Karn
t20s1298,Hiralal Raut
t20s1299,ID Gunawardene
t20s1299,BB Pradhan
t20s1300,BB Pradhan
t20s1300,ID Gunawardene
t20s1301,C Shamshuddin
t20s1301,Nitin Menon
t20s1302,Manjul Bhattarai
t20s1302,Hiralal Raut
t20s1303,ID Gunawardene
t20s1303,BB Pradhan
t20s1304,AK Chaudhary
t20s1304,CK Nandan
t20s1305,ID Gunawardene
t20s1305,BB Pradhan
t20s1306,Nitin Menon
t20s1306,CK Nandan
t20s1307,Ghaffar Kazmi
t20s1307,Khalid Mahmood
t20s1308,Ghaffar Kazmi
t20s1308,Khalid Mahmood
t20s1309,Ghaffar Kazmi
t20s1309,Khalid Mahmood
t20s1310,C Shamshuddin
t20s1310,AK Chaudhary
t20s1311,Nitin Menon
t20s1311,VK Sharma
t20s1312,PA Gustard
t20s1312,GO Brathwaite
t20s1313,PA Gustard
t20s1313,GO Brathwaite
t20s1314,PA Gustard
t20s1314,GO Brathwaite
t20s1315,Shozab Raza
t20s1315,Ahsan Raza
t20s1316,CM Brown
t20s1316,SB Haig
t20s1317,Shozab Raza
t20s1317,Ahsan Raza
t20s1318,CM Brown
t20s1318,SB Haig
t20s1319,CM Brown
t20s1319,SB Haig
t20s1320,CM Brown
t20s1320,SB Haig
t20s1321,CA Polosak
t20s1321,DM Koch
t20s1322,AK Wilds
t20s1322,DM Koch
t20s1323,JM Dempsey
t20s1323,Kim Cotton
t20s1324,CM Brown
t20s1324,SB Haig
t20s1325,AK Wilds
t20s1325,CA Polosak
t20s1326,Azad KR
t20s1326,Samir Parker
t20s1327,Samir Parker
t20s1327,Afzalkhan Pathan
t20s1328,CM Brown
t20s1328,Kim Cotton
t20s1329,Azad KR
t20s1329,Samir Parker
t20s1330,CA Polosak
t20s1330,AK Wilds
t20s1331,Azad KR
t20s1331,Afzalkhan Pathan
t20s1332,AK Wilds
t20s1332,DM Koch
t20s1333,BF Bowden
t20s1333,Kim Cotton
t20s1334,CA Polosak
t20s1334,DM Koch
t20s1335,BF Bowden
t20s1335,GA Stirrat
t20s1336,BP Jele
t20s1336,AT Holdstock
t20s1337,AK Wilds
t20s1337,DM Koch
t20s1338,A Paleker
t20s1338,BP Jele
t20s1339,A Paleker
t20s1339,AT Holdstock
t20s1340,V Kalidas
t20s1340,D Sevakumaran
t20s1341,Mathan Kumar
t20s1341,V Kalidas
t20s1342,A Paleker
t20s1342,AT Holdstock
t20s1343,JM Williams
t20s1343,S George
t20s1344,S Redfern
t20s1344,Ahsan Raza
t20s1345,CA Polosak
t20s1345,Nitin Menon
t20s1346,Rudy Ismandy
t20s1346,N Sivan
t20s1347,A Paleker
t20s1347,BP Jele
t20s1348,CM Brown
t20s1348,L Rusere
t20s1349,L Poobalan
t20s1349,V Kalidas
t20s1350,Lauren Agenbag
t20s1350,AG Wharf
t20s1351,GO Brathwaite
t20s1351,Kim Cotton
t20s1352,Riyaz Kurupkar
t20s1352,Rahat Ali Chaudhry
t20s1353,Anantha Rajamani
t20s1353,Afzal Pathan
t20s1354,Afzal Pathan
t20s1354,Imran Mustafa
t20s1355,Riyaz Kurupkar
t20s1355,Mohammed Younis
t20s1356,Imran Mustafa
t20s1356,Afzalkhan Pathan
t20s1357,Riyaz Kurupkar
t20s1357,Rahat Ali Chaudhry
t20s1358,Nasir Ali
t20s1358,V Kalidas
t20s1359,BP Jele
t20s1359,AT Holdstock
t20s1360,CA Polosak
t20s1360,S George
t20s1361,JM Williams
t20s1361,Ahsan Raza
t20s1362,Afzalkhan Pathan
t20s1362,Rahat Ali Chaudhry
t20s1363,Nitin Menon
t20s1363,GO Brathwaite
t20s1364,L Rusere
t20s1364,AG Wharf
t20s1365,CM Brown
t20s1365,Nitin Menon
t20s1366,JM Williams
t20s1366,Kim Cotton
t20s1367,SV Sarda
t20s1367,V Kalidas
t20s1368,S Redfern
t20s1368,S George
t20s1369,Lauren Agenbag
t20s1369,Ahsan Raza
t20s1370,B Manikandan
t20s1370,Sanjay Gurung
t20s1371,Arif Ansari
t20s1371,V Kalidas
t20s1372,CM Brown
t20s1372,CA Polosak
t20s1373,GO Brathwaite
t20s1373,Kim Cotton
t20s1374,L Agenburg
t20s1374,L Rusere
t20s1375,S Redfern
t20s1375,AG Wharf
t20s1376,V Kalidas
t20s1376,Sanjay Gurung
t20s1377,Arif Ansari
t20s1377,AK Rana
t20s1378,CM Brown
t20s1378,CA Polosak
t20s1379,Samad Akbar
t20s1379,V Kalidas
t20s1380,B Manikandan
t20s1380,Sanjay Gurung
t20s1381,RMPJ Rambukwella
t20s1381,RSA Palliyaguruge
t20s1382,Nitin Menon
t20s1382,Kim Cotton
t20s1383,B Manikandan
t20s1383,Sanjay Gurung
t20s1384,Bismillah Shinwari
t20s1384,Ahmed Shah Durrani
t20s1385,RR Wimalasiri
t20s1385,LE Hannibal
t20s1386,Ahmed Shah Pakteen
t20s1386,Izatullah Safi
t20s1387,
t20s1388,
t20s1389,Ahsan Raza
t20s1389,Kim Cotton
t20s1390,Tanvir Ahmed
t20s1390,Sharfuddoula
t20s1391,Bismillah Shinwari
t20s1391,Ahmed Shah Pakteen
t20s1392,Masudur Rahman
t20s1392,Gazi Sohel
t20s1393,Dharminder Pal Rauhia
t20s1393,Rajinder Kumar
t20s1394,Dharminder Pal Rauhia
t20s1394,Rajinder Kumar
t20s1395,Dharminder Pal Rauhia
t20s1395,Rajinder Kumar
t20s1396,Dharminder Pal Rauhia
t20s1396,Rajinder Kumar
t20s1397,C Brooks
t20s1397,M Savage
t20s1398,AG Wharf
t20s1398,M Burns
t20s1399,
t20s1400,
t20s1401,
t20s1402,MJ Saggers
t20s1402,DJ Millns
t20s1403,M Burns
t20s1403,DJ Millns
t20s1404,MJ Saggers
t20s1404,AG Wharf
t20s1405,M Burns
t20s1405,DJ Millns
t20s1406,MJ Saggers
t20s1406,AG Wharf
t20s1407,M Burns
t20s1407,S Redfern
t20s1408,GD Lloyd
t20s1408,DJ Millns
t20s1409,S Redfern
t20s1409,DJ Millns
t20s1410,BNJ Oxenford
t20s1410,DM Koch
t20s1411,BNJ Oxenford
t20s1411,MW Graham-Smith
t20s1412,GD Lloyd
t20s1412,M Burns
t20s1413,GD Lloyd
t20s1413,S Redfern
t20s1414,MW Graham-Smith
t20s1414,DM Koch
t20s1415,Syed Atif Naqvi
t20s1415,A Begg
t20s1416,Dharmendra Manani
t20s1416,Taranjeet Singh
t20s1417,Dharmendra Manani
t20s1417,IA De Silva
t20s1418,Asif Yaqoob
t20s1418,Aleem Dar
t20s1419,Ahsan Raza
t20s1419,Rashid Riaz
t20s1420,Aleem Dar
t20s1420,Ahsan Raza
t20s1421,A Paleker
t20s1421,AT Holdstock
t20s1422,CM Brown
t20s1422,WR Knights
t20s1423,AT Holdstock
t20s1423,S George
t20s1424,CM Brown
t20s1424,SB Haig
t20s1425,SB Haig
t20s1425,WR Knights
t20s1426,A Paleker
t20s1426,BP Jele
t20s1427,RJ Tucker
t20s1427,SAJ Craig
t20s1428,P Wilson
t20s1428,SJ Nogajski
t20s1429,GA Abood
t20s1429,RJ Tucker
t20s1430,SB Haig
t20s1430,WR Knights
t20s1431,CM Brown
t20s1431,SB Haig
t20s1432,CM Brown
t20s1432,WR Knights
t20s1433,LB Gcuma
t20s1433,Stephen Harris
t20s1434,Lauren Agenbag
t20s1434,LB Gcuma
t20s1435,Lauren Agenbag
t20s1435,Stephen Harris
t20s1436,Ahsan Raza
t20s1436,Aleem Dar
t20s1437,Asif Yaqoob
t20s1437,Shozab Raza
t20s1438,Aleem Dar
t20s1438,Rashid Riaz
t20s1439,CM Brown
t20s1439,CB Gaffaney
t20s1440,CB Gaffaney
t20s1440,SB Haig
t20s1441,GO Brathwaite
t20s1441,N Duguid
t20s1442,JM Dempsey
t20s1442,Kim Cotton
t20s1443,CB Gaffaney
t20s1443,WR Knights
t20s1444,LS Reifer
t20s1444,N Duguid
t20s1445,A Mehrotra
t20s1445,JM Dempsey
t20s1446,CM Brown
t20s1446,WR Knights
t20s1447,JS Wilson
t20s1447,PA Gustard
t20s1448,JM Dempsey
t20s1448,Kim Cotton
t20s1449,CB Gaffaney
t20s1449,WR Knights
t20s1450,Nitin Menon
t20s1450,KN Ananthapadmanabhan
t20s1451,AK Chaudhary
t20s1451,KN Ananthapadmanabhan
t20s1452,AK Chaudhary
t20s1452,VK Sharma
t20s1453,Aleem Dar
t20s1453,Izatullah Safi
t20s1454,KN Ananthapadmanabhan
t20s1454,Nitin Menon
t20s1455,Ahmed Shah Durrani
t20s1455,Aleem Dar
t20s1456,BK Ravi
t20s1456,K Srinivasan
t20s1457,Aleem Dar
t20s1457,Izatullah Safi
t20s1458,AK Chaudhary
t20s1458,Nitin Menon
t20s1459,CK Nandan
t20s1459,UV Gandhe
t20s1460,BK Ravi
t20s1460,K Srinivasan
t20s1461,JM Dempsey
t20s1461,Kim Cotton
t20s1462,CB Gaffaney
t20s1462,SB Haig
t20s1463,JM Dempsey
t20s1463,Kim Cotton
t20s1464,CM Brown
t20s1464,WR Knights
t20s1465,JM Dempsey
t20s1465,Kim Cotton
t20s1466,CM Brown
t20s1466,CB Gaffaney
t20s1467,A Louw
t20s1467,C Thorburn
t20s1468,A Louw
t20s1468,Claus Schumacher
t20s1469,Claus Schumacher
t20s1469,Marthinus Louw
t20s1470,AT Holdstock
t20s1470,A Paleker
t20s1471,AT Holdstock
t20s1471,BP Jele
t20s1472,A Paleker
t20s1472,BP Jele
t20s1473,AT Holdstock
t20s1473,S George
t20s1474,BB Pradhan
t20s1474,DN Subedi
t20s1475,HR Giri
t20s1475,VK Jha
t20s1476,DN Subedi
t20s1476,Sanjay Gurung
t20s1477,BB Pradhan
t20s1477,VK Jha
t20s1478,DN Subedi
t20s1478,Sanjay Gurung
t20s1479,I Chabi
t20s1479,L Rusere
t20s1480,BB Pradhan
t20s1480,VK Jha
t20s1481,I Chabi
t20s1481,L Rusere
t20s1482,BB Pradhan
t20s1482,DN Subedi
t20s1483,I Chabi
t20s1483,L Rusere
t20s1484,P Vincent
t20s1484,S Tripp
t20s1485,P Vincent
t20s1485,S Tripp
t20s1486,J Foster
t20s1486,S Tripp
t20s1487,J Foster
t20s1487,S Tripp
t20s1488,J Foster
t20s1488,S Tripp
t20s1489,AJ Neill
t20s1489,Jareth McCready
t20s1490,AJ Neill
t20s1490,R Black
t20s1491,AJ Neill
t20s1491,R Black
t20s1492,Jareth McCready
t20s1492,R Black
t20s1493,Itangishaka Olivier
t20s1493,Vicky Prajapati
t20s1494,Habib Enesi
t20s1494,Vicky Prajapati
t20s1495,Eric Hirwa
t20s1495,Jackson Nzayisenga
t20s1496,Eric Hirwa
t20s1496,Vicky Prajapati
t20s1497,Itangishaka Olivier
t20s1497,Jackson Nzayisenga
t20s1498,Habib Enesi
t20s1498,Vicky Prajapati
t20s1499,Eric Hirwa
t20s1499,Jackson Nzayisenga
t20s1500,Habib Enesi
t20s1500,Itangishaka Olivier
t20s1501,Itangishaka Olivier
t20s1501,Vicky Prajapati
t20s1502,EH Dusabemungu
t20s1502,Habib Enesi
t20s1503,Habib Enesi
t20s1503,Vicky Prajapati
t20s1504,EH Dusabemungu
t20s1504,Jackson Nzayisenga
t20s1505,DJ Millns
t20s1505,MJ Saggers
t20s1506,
t20s1507,AG Wharf
t20s1507,M Burns
t20s1508,
t20s1509,
t20s1510,I Dimitrov
t20s1510,Nisarg Shah
t20s1511,
t20s1512,
t20s1513,LS Reifer
t20s1513,PA Gustard
t20s1514,AG Wharf
t20s1514,MJ Saggers
t20s1515,GO Brathwaite
t20s1515,N Duguid
t20s1516,JS Wilson
t20s1516,N Duguid
t20s1517,Danesh Ramdhanie
t20s1517,Jonathan Blades
t20s1518,LS Reifer
t20s1518,PA Gustard
t20s1519,CO Wright
t20s1519,Christopher Taylor
t20s1520,GO Brathwaite
t20s1520,JS Wilson
t20s1521,Jonathan Blades
t20s1521,Verdayne Smith
t20s1522,
t20s1523,
t20s1524,
t20s1525,
t20s1526,
t20s1527,
t20s1528,N Duguid
t20s1528,PA Gustard
t20s1529,ID Blackwell
t20s1529,S Redfern
t20s1530,
t20s1531,Aaftab Alam Khan
t20s1531,J Ghose Roy
t20s1532,GO Brathwaite
t20s1532,JS Wilson
t20s1533,ID Blackwell
t20s1533,PK Baldwin
t20s1534,JS Wilson
t20s1534,LS Reifer
t20s1535,GO Brathwaite
t20s1535,PA Gustard
t20s1536,S Redfern
t20s1536,RT Robinson
t20s1537,LS Reifer
t20s1537,N Duguid
t20s1538,DJ Millns
t20s1538,MJ Saggers
t20s1539,AG Wharf
t20s1539,MJ Saggers
t20s1540,AJ Neill
t20s1540,M Hawthorne
t20s1541,AG Wharf
t20s1541,DJ Millns
t20s1542,C Phiri
t20s1542,L Rusere
t20s1543,PA Reynolds
t20s1543,R Black
t20s1544,F Mutizwa
t20s1544,I Chabi
t20s1545,AJ Neill
t20s1545,M Hawthorne
t20s1546,I Chabi
t20s1546,L Rusere
t20s1547,HDPK Dharmasena
t20s1547,RR Wimalasiri
t20s1548,AA Baig
t20s1548,Jareth McCready
t20s1549,GO Brathwaite
t20s1549,N Duguid
t20s1550,RMPJ Rambukwella
t20s1550,RSA Palliyaguruge
t20s1551,Aidan Seaver
t20s1551,Jareth McCready
t20s1552,HDPK Dharmasena
t20s1552,RSA Palliyaguruge
t20s1553,Aidan Seaver
t20s1553,AA Baig
t20s1554,LS Reifer
t20s1554,PA Gustard
t20s1555,GO Brathwaite
t20s1555,JS Wilson
t20s1556,Masudur Rahman
t20s1556,Sharfuddoula
t20s1557,LS Reifer
t20s1557,PA Gustard
t20s1558,Masudur Rahman
t20s1558,Tanvir Ahmed
t20s1559,J Flannery
t20s1559,Vinay Malhotra
t20s1560,M Jameson
t20s1560,Rizwan Akram
t20s1561,Rizwan Akram
t20s1561,Vinay Malhotra
t20s1562,Gazi Sohel
t20s1562,Sharfuddoula
t20s1563,J Flannery
t20s1563,Rizwan Akram
t20s1564,M Jameson
t20s1564,Vinay Malhotra
t20s1565,Gazi Sohel
t20s1565,Masudur Rahman
t20s1566,M Jameson
t20s1566,Rizwan Akram
t20s1567,J Flannery
t20s1567,M Jameson
t20s1568,Sharfuddoula
t20s1568,Tanvir Ahmed
t20s1569,
t20s1570,
t20s1571,EH Dusabemungu
t20s1571,Itangishaka Olivier
t20s1572,EH Dusabemungu
t20s1572,Vicky Prajapati
t20s1573,Gasana Christian
t20s1573,Itangishaka Olivier
t20s1574,
t20s1575,
t20s1576,
t20s1577,Itangishaka Olivier
t20s1577,Vicky Prajapati
t20s1578,
t20s1579,
t20s1580,
t20s1581,
t20s1582,
t20s1583,AJT Dowdalls
t20s1583,M Jameson
t20s1584,Adnan Khan
t20s1584,AJT Dowdalls
t20s1585,DH Mclean
t20s1585,Rizwan Akram
t20s1586,M Jameson
t20s1586,Rizwan Akram
t20s1587,Adriaan van den Dries
t20s1587,Rizwan Akram
t20s1588,Adnan Khan
t20s1588,DH Mclean
t20s1589,F Mutizwa
t20s1589,I Chabi
t20s1590,PA Reynolds
t20s1590,R Black
t20s1591,C Phiri
t20s1591,F Mutizwa
t20s1592,
t20s1593,Adriaan van den Dries
t20s1593,DH Mclean
t20s1594,Adnan Khan
t20s1594,Rizwan Akram
t20s1595,AJ Neill
t20s1595,M Hawthorne
t20s1596,DH Mclean
t20s1596,M Jameson
t20s1597,Adriaan van den Dries
t20s1597,Rizwan Akram
t20s1598,C Phiri
t20s1598,I Chabi
t20s1599,Danesh Ramdhanie
t20s1599,JM Williams
t20s1600,AJ Neill
t20s1600,R Black
t20s1601,Gazi Sohel
t20s1601,Sharafudoulla
t20s1602,GD Lloyd
t20s1602,S Redfern
t20s1603,A Begg
t20s1603,Syed Atif Naqvi
t20s1604,A Begg
t20s1604,S Tripp
t20s1605,Danesh Ramdhanie
t20s1605,Jonathan Blades
t20s1606,M Hawthorne
t20s1606,PA Reynolds
t20s1607,
t20s1608,
t20s1609,
t20s1610,Masudur Rahman
t20s1610,Tanvir Ahmed
t20s1611,
t20s1612,
t20s1613,Danesh Ramdhanie
t20s1613,JS Wilson
t20s1614,AJ Neill
t20s1614,R Black
t20s1615,MJ Saggers
t20s1615,NJ Llong
t20s1616,
t20s1617,
t20s1618,Masudur Rahman
t20s1618,Sharfuddoula
t20s1619,Gazi Sohel
t20s1619,Tanvir Ahmed
t20s1620,I Chabi
t20s1620,R D'Mello
t20s1621,A Louw
t20s1621,IO Oyieko
t20s1622,Lauren Agenbag
t20s1622,VR Angara
t20s1623,S Bhargava
t20s1623,S George
t20s1624,GD Lloyd
t20s1624,S Redfern
t20s1625,I Chabi
t20s1625,S Bhargava
t20s1626,Lauren Agenbag
t20s1626,R D'Mello
t20s1627,A Louw
t20s1627,VR Angara
t20s1628,
t20s1629,
t20s1630,Sharfuddoula
t20s1630,Tanvir Ahmed
t20s1631,HDPK Dharmasena
t20s1631,RMPJ Rambukwella
t20s1632,Lauren Agenbag
t20s1632,S Bhargava
t20s1633,A Louw
t20s1633,R D'Mello
t20s1634,IO Oyieko
t20s1634,S George
t20s1635,
t20s1636,
t20s1637,
t20s1638,
t20s1639,RR Wimalasiri
t20s1639,RSA Palliyaguruge
t20s1640,Lauren Agenbag
t20s1640,S Bhargava
t20s1641,
t20s1642,
t20s1643,I Chabi
t20s1643,S Bhargava
t20s1644,Lauren Agenbag
t20s1644,R D'Mello
t20s1645,A Louw
t20s1645,IO Oyieko
t20s1646,HDPK Dharmasena
t20s1646,RSA Palliyaguruge
t20s1647,VR Angara
t20s1647,R D'Mello
t20s1648,
t20s1649,
t20s1650,A Louw
t20s1650,I Chabi
t20s1651,VR Angara
t20s1651,S George
t20s1652,IO Oyieko
t20s1652,S Bhargava
t20s1653,E Wandera
t20s1653,Patric Makumbi
t20s1654,IO Oyieko
t20s1654,Lauren Agenbag
t20s1655,A Louw
t20s1655,VR Angara
t20s1656,E Wandera
t20s1656,Patric Makumbi
t20s1657,DH Mclean
t20s1657,M Hawthorne
t20s1658,DA Haggo
t20s1658,M Hawthorne
t20s1659,R D'Mello
t20s1659,S Bhargava
t20s1660,DA Haggo
t20s1660,M Hawthorne
t20s1661,A Louw
t20s1661,Iftikhar Ali
t20s1662,
t20s1663,
t20s1664,
t20s1665,
t20s1666,Akbar Ali
t20s1666,Shiju Sam
t20s1667,SJ Ross
t20s1667,TJ Heath
t20s1668,BNJ Oxenford
t20s1668,Eloise Sheridan
